9.748,0.0005464481,1,1830
10.117,0.0010928962,2,
10.312,0.0016393443,3,
10.612,0.0021857923,4,
10.782,0.0027322404,5,
10.816,0.0032786885,6,
10.874,0.0038251366,7,
11.095,0.0043715847,8,
11.123,0.0049180328,9,
11.131,0.0054644809,10,
11.184,0.006010929,11,
11.234,0.006557377,12,
11.242,0.0071038251,13,
11.295,0.0076502732,14,
11.298,0.0081967213,15,
11.316,0.0087431694,16,
11.346,0.0092896175,17,
11.355,0.0098360656,18,
11.389,0.0103825137,19,
11.397,0.0109289617,20,
11.437,0.0114754098,21,
11.488,0.0120218579,22,
11.553,0.012568306,23,
11.657,0.0131147541,24,
11.663,0.0136612022,25,
11.667,0.0142076503,26,
11.67,0.0147540984,27,
11.701,0.0153005464,28,
11.719,0.0158469945,29,
11.734,0.0163934426,30,
11.735,0.0169398907,31,
11.744,0.0174863388,32,
11.747,0.0180327869,33,
11.752,0.018579235,34,
11.789,0.0191256831,35,
11.805,0.0196721311,36,
11.853,0.0202185792,37,
11.897,0.0207650273,38,
11.946,0.0213114754,39,
11.97,0.0218579235,40,
11.998,0.0224043716,41,
12.003,0.0229508197,42,
12.006,0.0234972678,43,
12.016,0.0240437158,44,
12.02,0.0245901639,45,
12.064,0.025136612,46,
12.076,0.0256830601,47,
12.081,0.0262295082,48,
12.09,0.0267759563,49,
12.108,0.0273224044,50,
12.139,0.0278688525,51,
12.182,0.0284153005,52,
12.184,0.0289617486,53,
12.208,0.0295081967,54,
12.22,0.0300546448,55,
12.226,0.0306010929,56,
12.245,0.031147541,57,
12.277,0.0316939891,58,
12.282,0.0322404372,59,
12.291,0.0327868852,60,
12.291,0.0333333333,61,
12.336,0.0338797814,62,
12.357,0.0344262295,63,
12.377,0.0349726776,64,
12.486,0.0355191257,65,
12.487,0.0360655738,66,
12.498,0.0366120219,67,
12.503,0.0371584699,68,
12.508,0.037704918,69,
12.519,0.0382513661,70,
12.52,0.0387978142,71,
12.521,0.0393442623,72,
12.534,0.0398907104,73,
12.538,0.0404371585,74,
12.547,0.0409836066,75,
12.548,0.0415300546,76,
12.569,0.0420765027,77,
12.591,0.0426229508,78,
12.607,0.0431693989,79,
12.612,0.043715847,80,
12.674,0.0442622951,81,
12.675,0.0448087432,82,
12.699,0.0453551913,83,
12.701,0.0459016393,84,
12.71,0.0464480874,85,
12.719,0.0469945355,86,
12.719,0.0475409836,87,
12.737,0.0480874317,88,
12.737,0.0486338798,89,
12.741,0.0491803279,90,
12.743,0.049726776,91,
12.758,0.050273224,92,
12.773,0.0508196721,93,
12.797,0.0513661202,94,
12.806,0.0519125683,95,
12.822,0.0524590164,96,
12.831,0.0530054645,97,
12.852,0.0535519126,98,
12.86,0.0540983607,99,
12.873,0.0546448087,100,
12.883,0.0551912568,101,
12.914,0.0557377049,102,
12.917,0.056284153,103,
12.951,0.0568306011,104,
12.951,0.0573770492,105,
12.953,0.0579234973,106,
12.959,0.0584699454,107,
12.964,0.0590163934,108,
12.986,0.0595628415,109,
12.986,0.0601092896,110,
12.99,0.0606557377,111,
13.029,0.0612021858,112,
13.042,0.0617486339,113,
13.047,0.062295082,114,
13.049,0.0628415301,115,
13.052,0.0633879781,116,
13.057,0.0639344262,117,
13.067,0.0644808743,118,
13.067,0.0650273224,119,
13.078,0.0655737705,120,
13.081,0.0661202186,121,
13.085,0.0666666667,122,
13.098,0.0672131148,123,
13.098,0.0677595628,124,
13.118,0.0683060109,125,
13.125,0.068852459,126,
13.128,0.0693989071,127,
13.168,0.0699453552,128,
13.177,0.0704918033,129,
13.183,0.0710382514,130,
13.196,0.0715846995,131,
13.201,0.0721311475,132,
13.211,0.0726775956,133,
13.224,0.0732240437,134,
13.244,0.0737704918,135,
13.282,0.0743169399,136,
13.301,0.074863388,137,
13.307,0.0754098361,138,
13.332,0.0759562842,139,
13.395,0.0765027322,140,
13.417,0.0770491803,141,
13.438,0.0775956284,142,
13.483,0.0781420765,143,
13.508,0.0786885246,144,
13.51,0.0792349727,145,
13.523,0.0797814208,146,
13.541,0.0803278689,147,
13.542,0.0808743169,148,
13.543,0.081420765,149,
13.558,0.0819672131,150,
13.561,0.0825136612,151,
13.593,0.0830601093,152,
13.603,0.0836065574,153,
13.616,0.0841530055,154,
13.631,0.0846994536,155,
13.631,0.0852459016,156,
13.663,0.0857923497,157,
13.682,0.0863387978,158,
13.686,0.0868852459,159,
13.687,0.087431694,160,
13.729,0.0879781421,161,
13.74,0.0885245902,162,
13.801,0.0890710383,163,
13.808,0.0896174863,164,
13.831,0.0901639344,165,
13.837,0.0907103825,166,
13.842,0.0912568306,167,
13.87,0.0918032787,168,
13.871,0.0923497268,169,
13.9,0.0928961749,170,
13.917,0.093442623,171,
13.921,0.093989071,172,
13.925,0.0945355191,173,
13.926,0.0950819672,174,
13.934,0.0956284153,175,
13.942,0.0961748634,176,
13.951,0.0967213115,177,
13.957,0.0972677596,178,
13.983,0.0978142077,179,
14.003,0.0983606557,180,
14.018,0.0989071038,181,
14.031,0.0994535519,182,
14.094,0.1,183,
14.107,0.1005464481,184,
14.115,0.1010928962,185,
14.164,0.1016393443,186,
14.192,0.1021857923,187,
14.201,0.1027322404,188,
14.203,0.1032786885,189,
14.206,0.1038251366,190,
14.228,0.1043715847,191,
14.247,0.1049180328,192,
14.25,0.1054644809,193,
14.255,0.106010929,194,
14.261,0.106557377,195,
14.262,0.1071038251,196,
14.274,0.1076502732,197,
14.301,0.1081967213,198,
14.303,0.1087431694,199,
14.306,0.1092896175,200,
14.325,0.1098360656,201,
14.325,0.1103825137,202,
14.341,0.1109289617,203,
14.345,0.1114754098,204,
14.375,0.1120218579,205,
14.376,0.112568306,206,
14.411,0.1131147541,207,
14.412,0.1136612022,208,
14.413,0.1142076503,209,
14.416,0.1147540984,210,
14.424,0.1153005464,211,
14.444,0.1158469945,212,
14.448,0.1163934426,213,
14.452,0.1169398907,214,
14.456,0.1174863388,215,
14.47,0.1180327869,216,
14.473,0.118579235,217,
14.49,0.1191256831,218,
14.518,0.1196721311,219,
14.518,0.1202185792,220,
14.528,0.1207650273,221,
14.532,0.1213114754,222,
14.537,0.1218579235,223,
14.539,0.1224043716,224,
14.541,0.1229508197,225,
14.556,0.1234972678,226,
14.56,0.1240437158,227,
14.56,0.1245901639,228,
14.595,0.125136612,229,
14.595,0.1256830601,230,
14.607,0.1262295082,231,
14.613,0.1267759563,232,
14.615,0.1273224044,233,
14.617,0.1278688525,234,
14.623,0.1284153005,235,
14.647,0.1289617486,236,
14.653,0.1295081967,237,
14.656,0.1300546448,238,
14.67,0.1306010929,239,
14.676,0.131147541,240,
14.686,0.1316939891,241,
14.697,0.1322404372,242,
14.708,0.1327868852,243,
14.718,0.1333333333,244,
14.72,0.1338797814,245,
14.721,0.1344262295,246,
14.733,0.1349726776,247,
14.742,0.1355191257,248,
14.763,0.1360655738,249,
14.783,0.1366120219,250,
14.787,0.1371584699,251,
14.792,0.137704918,252,
14.803,0.1382513661,253,
14.804,0.1387978142,254,
14.819,0.1393442623,255,
14.833,0.1398907104,256,
14.849,0.1404371585,257,
14.867,0.1409836066,258,
14.887,0.1415300546,259,
14.889,0.1420765027,260,
14.919,0.1426229508,261,
14.92,0.1431693989,262,
14.924,0.143715847,263,
14.944,0.1442622951,264,
14.971,0.1448087432,265,
14.985,0.1453551913,266,
14.987,0.1459016393,267,
14.988,0.1464480874,268,
15.014,0.1469945355,269,
15.018,0.1475409836,270,
15.022,0.1480874317,271,
15.039,0.1486338798,272,
15.042,0.1491803279,273,
15.047,0.149726776,274,
15.051,0.150273224,275,
15.069,0.1508196721,276,
15.078,0.1513661202,277,
15.087,0.1519125683,278,
15.091,0.1524590164,279,
15.093,0.1530054645,280,
15.101,0.1535519126,281,
15.103,0.1540983607,282,
15.11,0.1546448087,283,
15.11,0.1551912568,284,
15.116,0.1557377049,285,
15.12,0.156284153,286,
15.12,0.1568306011,287,
15.138,0.1573770492,288,
15.138,0.1579234973,289,
15.138,0.1584699454,290,
15.146,0.1590163934,291,
15.147,0.1595628415,292,
15.15,0.1601092896,293,
15.157,0.1606557377,294,
15.164,0.1612021858,295,
15.165,0.1617486339,296,
15.168,0.162295082,297,
15.178,0.1628415301,298,
15.178,0.1633879781,299,
15.196,0.1639344262,300,
15.232,0.1644808743,301,
15.234,0.1650273224,302,
15.246,0.1655737705,303,
15.247,0.1661202186,304,
15.249,0.1666666667,305,
15.258,0.1672131148,306,
15.263,0.1677595628,307,
15.28,0.1683060109,308,
15.281,0.168852459,309,
15.286,0.1693989071,310,
15.29,0.1699453552,311,
15.291,0.1704918033,312,
15.294,0.1710382514,313,
15.294,0.1715846995,314,
15.296,0.1721311475,315,
15.304,0.1726775956,316,
15.307,0.1732240437,317,
15.312,0.1737704918,318,
15.315,0.1743169399,319,
15.319,0.174863388,320,
15.33,0.1754098361,321,
15.33,0.1759562842,322,
15.341,0.1765027322,323,
15.347,0.1770491803,324,
15.35,0.1775956284,325,
15.361,0.1781420765,326,
15.37,0.1786885246,327,
15.374,0.1792349727,328,
15.381,0.1797814208,329,
15.386,0.1803278689,330,
15.396,0.1808743169,331,
15.408,0.181420765,332,
15.41,0.1819672131,333,
15.41,0.1825136612,334,
15.419,0.1830601093,335,
15.421,0.1836065574,336,
15.429,0.1841530055,337,
15.439,0.1846994536,338,
15.44,0.1852459016,339,
15.441,0.1857923497,340,
15.447,0.1863387978,341,
15.461,0.1868852459,342,
15.463,0.187431694,343,
15.466,0.1879781421,344,
15.476,0.1885245902,345,
15.477,0.1890710383,346,
15.48,0.1896174863,347,
15.482,0.1901639344,348,
15.487,0.1907103825,349,
15.494,0.1912568306,350,
15.501,0.1918032787,351,
15.507,0.1923497268,352,
15.508,0.1928961749,353,
15.524,0.193442623,354,
15.527,0.193989071,355,
15.542,0.1945355191,356,
15.546,0.1950819672,357,
15.551,0.1956284153,358,
15.556,0.1961748634,359,
15.568,0.1967213115,360,
15.575,0.1972677596,361,
15.575,0.1978142077,362,
15.575,0.1983606557,363,
15.585,0.1989071038,364,
15.597,0.1994535519,365,
15.598,0.2,366,
15.607,0.2005464481,367,
15.607,0.2010928962,368,
15.613,0.2016393443,369,
15.615,0.2021857923,370,
15.615,0.2027322404,371,
15.616,0.2032786885,372,
15.645,0.2038251366,373,
15.661,0.2043715847,374,
15.662,0.2049180328,375,
15.675,0.2054644809,376,
15.681,0.206010929,377,
15.689,0.206557377,378,
15.692,0.2071038251,379,
15.696,0.2076502732,380,
15.707,0.2081967213,381,
15.712,0.2087431694,382,
15.714,0.2092896175,383,
15.724,0.2098360656,384,
15.726,0.2103825137,385,
15.727,0.2109289617,386,
15.736,0.2114754098,387,
15.737,0.2120218579,388,
15.747,0.212568306,389,
15.754,0.2131147541,390,
15.754,0.2136612022,391,
15.766,0.2142076503,392,
15.772,0.2147540984,393,
15.787,0.2153005464,394,
15.787,0.2158469945,395,
15.787,0.2163934426,396,
15.789,0.2169398907,397,
15.79,0.2174863388,398,
15.791,0.2180327869,399,
15.799,0.218579235,400,
15.8,0.2191256831,401,
15.802,0.2196721311,402,
15.806,0.2202185792,403,
15.822,0.2207650273,404,
15.83,0.2213114754,405,
15.831,0.2218579235,406,
15.834,0.2224043716,407,
15.835,0.2229508197,408,
15.836,0.2234972678,409,
15.839,0.2240437158,410,
15.845,0.2245901639,411,
15.85,0.225136612,412,
15.851,0.2256830601,413,
15.856,0.2262295082,414,
15.859,0.2267759563,415,
15.86,0.2273224044,416,
15.863,0.2278688525,417,
15.865,0.2284153005,418,
15.867,0.2289617486,419,
15.87,0.2295081967,420,
15.872,0.2300546448,421,
15.878,0.2306010929,422,
15.881,0.231147541,423,
15.883,0.2316939891,424,
15.888,0.2322404372,425,
15.891,0.2327868852,426,
15.893,0.2333333333,427,
15.893,0.2338797814,428,
15.895,0.2344262295,429,
15.9,0.2349726776,430,
15.902,0.2355191257,431,
15.908,0.2360655738,432,
15.909,0.2366120219,433,
15.917,0.2371584699,434,
15.923,0.237704918,435,
15.929,0.2382513661,436,
15.931,0.2387978142,437,
15.934,0.2393442623,438,
15.935,0.2398907104,439,
15.939,0.2404371585,440,
15.948,0.2409836066,441,
15.952,0.2415300546,442,
15.952,0.2420765027,443,
15.967,0.2426229508,444,
15.969,0.2431693989,445,
15.975,0.243715847,446,
15.977,0.2442622951,447,
15.987,0.2448087432,448,
15.987,0.2453551913,449,
15.99,0.2459016393,450,
16.001,0.2464480874,451,
16.002,0.2469945355,452,
16.007,0.2475409836,453,
16.015,0.2480874317,454,
16.018,0.2486338798,455,
16.027,0.2491803279,456,
16.027,0.249726776,457,
16.027,0.250273224,458,
16.027,0.2508196721,459,
16.028,0.2513661202,460,
16.03,0.2519125683,461,
16.033,0.2524590164,462,
16.046,0.2530054645,463,
16.05,0.2535519126,464,
16.054,0.2540983607,465,
16.055,0.2546448087,466,
16.059,0.2551912568,467,
16.061,0.2557377049,468,
16.062,0.256284153,469,
16.07,0.2568306011,470,
16.074,0.2573770492,471,
16.075,0.2579234973,472,
16.079,0.2584699454,473,
16.08,0.2590163934,474,
16.08,0.2595628415,475,
16.085,0.2601092896,476,
16.087,0.2606557377,477,
16.088,0.2612021858,478,
16.092,0.2617486339,479,
16.095,0.262295082,480,
16.096,0.2628415301,481,
16.107,0.2633879781,482,
16.107,0.2639344262,483,
16.111,0.2644808743,484,
16.117,0.2650273224,485,
16.119,0.2655737705,486,
16.119,0.2661202186,487,
16.12,0.2666666667,488,
16.121,0.2672131148,489,
16.122,0.2677595628,490,
16.13,0.2683060109,491,
16.133,0.268852459,492,
16.133,0.2693989071,493,
16.135,0.2699453552,494,
16.14,0.2704918033,495,
16.141,0.2710382514,496,
16.142,0.2715846995,497,
16.142,0.2721311475,498,
16.152,0.2726775956,499,
16.153,0.2732240437,500,
16.155,0.2737704918,501,
16.163,0.2743169399,502,
16.165,0.274863388,503,
16.169,0.2754098361,504,
16.174,0.2759562842,505,
16.18,0.2765027322,506,
16.184,0.2770491803,507,
16.186,0.2775956284,508,
16.187,0.2781420765,509,
16.192,0.2786885246,510,
16.196,0.2792349727,511,
16.197,0.2797814208,512,
16.198,0.2803278689,513,
16.205,0.2808743169,514,
16.214,0.281420765,515,
16.22,0.2819672131,516,
16.231,0.2825136612,517,
16.237,0.2830601093,518,
16.24,0.2836065574,519,
16.243,0.2841530055,520,
16.246,0.2846994536,521,
16.246,0.2852459016,522,
16.246,0.2857923497,523,
16.255,0.2863387978,524,
16.256,0.2868852459,525,
16.259,0.287431694,526,
16.266,0.2879781421,527,
16.279,0.2885245902,528,
16.28,0.2890710383,529,
16.287,0.2896174863,530,
16.29,0.2901639344,531,
16.296,0.2907103825,532,
16.304,0.2912568306,533,
16.311,0.2918032787,534,
16.317,0.2923497268,535,
16.32,0.2928961749,536,
16.326,0.293442623,537,
16.326,0.293989071,538,
16.33,0.2945355191,539,
16.354,0.2950819672,540,
16.355,0.2956284153,541,
16.358,0.2961748634,542,
16.359,0.2967213115,543,
16.359,0.2972677596,544,
16.36,0.2978142077,545,
16.36,0.2983606557,546,
16.363,0.2989071038,547,
16.381,0.2994535519,548,
16.383,0.3,549,
16.385,0.3005464481,550,
16.388,0.3010928962,551,
16.395,0.3016393443,552,
16.395,0.3021857923,553,
16.396,0.3027322404,554,
16.396,0.3032786885,555,
16.402,0.3038251366,556,
16.406,0.3043715847,557,
16.408,0.3049180328,558,
16.42,0.3054644809,559,
16.422,0.306010929,560,
16.424,0.306557377,561,
16.433,0.3071038251,562,
16.435,0.3076502732,563,
16.445,0.3081967213,564,
16.455,0.3087431694,565,
16.463,0.3092896175,566,
16.472,0.3098360656,567,
16.48,0.3103825137,568,
16.485,0.3109289617,569,
16.492,0.3114754098,570,
16.497,0.3120218579,571,
16.5,0.312568306,572,
16.523,0.3131147541,573,
16.525,0.3136612022,574,
16.539,0.3142076503,575,
16.539,0.3147540984,576,
16.541,0.3153005464,577,
16.551,0.3158469945,578,
16.555,0.3163934426,579,
16.564,0.3169398907,580,
16.566,0.3174863388,581,
16.567,0.3180327869,582,
16.567,0.318579235,583,
16.57,0.3191256831,584,
16.572,0.3196721311,585,
16.588,0.3202185792,586,
16.589,0.3207650273,587,
16.591,0.3213114754,588,
16.596,0.3218579235,589,
16.601,0.3224043716,590,
16.603,0.3229508197,591,
16.605,0.3234972678,592,
16.617,0.3240437158,593,
16.617,0.3245901639,594,
16.62,0.325136612,595,
16.621,0.3256830601,596,
16.623,0.3262295082,597,
16.623,0.3267759563,598,
16.639,0.3273224044,599,
16.64,0.3278688525,600,
16.64,0.3284153005,601,
16.643,0.3289617486,602,
16.646,0.3295081967,603,
16.649,0.3300546448,604,
16.651,0.3306010929,605,
16.652,0.331147541,606,
16.663,0.3316939891,607,
16.666,0.3322404372,608,
16.666,0.3327868852,609,
16.674,0.3333333333,610,
16.679,0.3338797814,611,
16.68,0.3344262295,612,
16.682,0.3349726776,613,
16.686,0.3355191257,614,
16.709,0.3360655738,615,
16.71,0.3366120219,616,
16.711,0.3371584699,617,
16.711,0.337704918,618,
16.72,0.3382513661,619,
16.722,0.3387978142,620,
16.722,0.3393442623,621,
16.724,0.3398907104,622,
16.726,0.3404371585,623,
16.742,0.3409836066,624,
16.747,0.3415300546,625,
16.749,0.3420765027,626,
16.771,0.3426229508,627,
16.772,0.3431693989,628,
16.775,0.343715847,629,
16.776,0.3442622951,630,
16.784,0.3448087432,631,
16.784,0.3453551913,632,
16.785,0.3459016393,633,
16.801,0.3464480874,634,
16.803,0.3469945355,635,
16.804,0.3475409836,636,
16.808,0.3480874317,637,
16.808,0.3486338798,638,
16.809,0.3491803279,639,
16.826,0.349726776,640,
16.828,0.350273224,641,
16.832,0.3508196721,642,
16.851,0.3513661202,643,
16.854,0.3519125683,644,
16.857,0.3524590164,645,
16.865,0.3530054645,646,
16.87,0.3535519126,647,
16.887,0.3540983607,648,
16.894,0.3546448087,649,
16.895,0.3551912568,650,
16.901,0.3557377049,651,
16.907,0.356284153,652,
16.907,0.3568306011,653,
16.914,0.3573770492,654,
16.929,0.3579234973,655,
16.931,0.3584699454,656,
16.936,0.3590163934,657,
16.937,0.3595628415,658,
16.938,0.3601092896,659,
16.939,0.3606557377,660,
16.94,0.3612021858,661,
16.949,0.3617486339,662,
16.952,0.362295082,663,
16.952,0.3628415301,664,
16.969,0.3633879781,665,
16.971,0.3639344262,666,
16.971,0.3644808743,667,
16.975,0.3650273224,668,
16.979,0.3655737705,669,
16.989,0.3661202186,670,
16.99,0.3666666667,671,
16.997,0.3672131148,672,
17.002,0.3677595628,673,
17.005,0.3683060109,674,
17.009,0.368852459,675,
17.012,0.3693989071,676,
17.023,0.3699453552,677,
17.024,0.3704918033,678,
17.025,0.3710382514,679,
17.029,0.3715846995,680,
17.03,0.3721311475,681,
17.037,0.3726775956,682,
17.049,0.3732240437,683,
17.05,0.3737704918,684,
17.053,0.3743169399,685,
17.055,0.374863388,686,
17.056,0.3754098361,687,
17.059,0.3759562842,688,
17.069,0.3765027322,689,
17.071,0.3770491803,690,
17.08,0.3775956284,691,
17.081,0.3781420765,692,
17.082,0.3786885246,693,
17.082,0.3792349727,694,
17.084,0.3797814208,695,
17.092,0.3803278689,696,
17.097,0.3808743169,697,
17.097,0.381420765,698,
17.098,0.3819672131,699,
17.102,0.3825136612,700,
17.104,0.3830601093,701,
17.105,0.3836065574,702,
17.124,0.3841530055,703,
17.129,0.3846994536,704,
17.13,0.3852459016,705,
17.131,0.3857923497,706,
17.132,0.3863387978,707,
17.133,0.3868852459,708,
17.146,0.387431694,709,
17.149,0.3879781421,710,
17.151,0.3885245902,711,
17.16,0.3890710383,712,
17.166,0.3896174863,713,
17.174,0.3901639344,714,
17.179,0.3907103825,715,
17.182,0.3912568306,716,
17.189,0.3918032787,717,
17.192,0.3923497268,718,
17.197,0.3928961749,719,
17.2,0.393442623,720,
17.203,0.393989071,721,
17.204,0.3945355191,722,
17.214,0.3950819672,723,
17.215,0.3956284153,724,
17.224,0.3961748634,725,
17.226,0.3967213115,726,
17.226,0.3972677596,727,
17.227,0.3978142077,728,
17.227,0.3983606557,729,
17.229,0.3989071038,730,
17.233,0.3994535519,731,
17.236,0.4,732,
17.244,0.4005464481,733,
17.25,0.4010928962,734,
17.258,0.4016393443,735,
17.259,0.4021857923,736,
17.267,0.4027322404,737,
17.268,0.4032786885,738,
17.276,0.4038251366,739,
17.281,0.4043715847,740,
17.288,0.4049180328,741,
17.289,0.4054644809,742,
17.294,0.406010929,743,
17.298,0.406557377,744,
17.309,0.4071038251,745,
17.309,0.4076502732,746,
17.31,0.4081967213,747,
17.313,0.4087431694,748,
17.321,0.4092896175,749,
17.322,0.4098360656,750,
17.324,0.4103825137,751,
17.325,0.4109289617,752,
17.326,0.4114754098,753,
17.333,0.4120218579,754,
17.335,0.412568306,755,
17.336,0.4131147541,756,
17.342,0.4136612022,757,
17.345,0.4142076503,758,
17.349,0.4147540984,759,
17.35,0.4153005464,760,
17.35,0.4158469945,761,
17.359,0.4163934426,762,
17.365,0.4169398907,763,
17.366,0.4174863388,764,
17.367,0.4180327869,765,
17.37,0.418579235,766,
17.371,0.4191256831,767,
17.373,0.4196721311,768,
17.374,0.4202185792,769,
17.382,0.4207650273,770,
17.383,0.4213114754,771,
17.4,0.4218579235,772,
17.404,0.4224043716,773,
17.409,0.4229508197,774,
17.417,0.4234972678,775,
17.422,0.4240437158,776,
17.422,0.4245901639,777,
17.425,0.425136612,778,
17.426,0.4256830601,779,
17.435,0.4262295082,780,
17.438,0.4267759563,781,
17.445,0.4273224044,782,
17.456,0.4278688525,783,
17.473,0.4284153005,784,
17.475,0.4289617486,785,
17.48,0.4295081967,786,
17.493,0.4300546448,787,
17.5,0.4306010929,788,
17.506,0.431147541,789,
17.509,0.4316939891,790,
17.513,0.4322404372,791,
17.515,0.4327868852,792,
17.518,0.4333333333,793,
17.519,0.4338797814,794,
17.533,0.4344262295,795,
17.537,0.4349726776,796,
17.541,0.4355191257,797,
17.545,0.4360655738,798,
17.546,0.4366120219,799,
17.556,0.4371584699,800,
17.557,0.437704918,801,
17.559,0.4382513661,802,
17.564,0.4387978142,803,
17.565,0.4393442623,804,
17.567,0.4398907104,805,
17.568,0.4404371585,806,
17.569,0.4409836066,807,
17.569,0.4415300546,808,
17.574,0.4420765027,809,
17.583,0.4426229508,810,
17.585,0.4431693989,811,
17.587,0.443715847,812,
17.593,0.4442622951,813,
17.593,0.4448087432,814,
17.602,0.4453551913,815,
17.608,0.4459016393,816,
17.608,0.4464480874,817,
17.615,0.4469945355,818,
17.622,0.4475409836,819,
17.623,0.4480874317,820,
17.626,0.4486338798,821,
17.626,0.4491803279,822,
17.626,0.449726776,823,
17.627,0.450273224,824,
17.631,0.4508196721,825,
17.636,0.4513661202,826,
17.638,0.4519125683,827,
17.645,0.4524590164,828,
17.647,0.4530054645,829,
17.656,0.4535519126,830,
17.666,0.4540983607,831,
17.667,0.4546448087,832,
17.682,0.4551912568,833,
17.686,0.4557377049,834,
17.688,0.456284153,835,
17.691,0.4568306011,836,
17.692,0.4573770492,837,
17.694,0.4579234973,838,
17.702,0.4584699454,839,
17.703,0.4590163934,840,
17.704,0.4595628415,841,
17.704,0.4601092896,842,
17.714,0.4606557377,843,
17.721,0.4612021858,844,
17.722,0.4617486339,845,
17.724,0.462295082,846,
17.725,0.4628415301,847,
17.728,0.4633879781,848,
17.729,0.4639344262,849,
17.731,0.4644808743,850,
17.741,0.4650273224,851,
17.748,0.4655737705,852,
17.75,0.4661202186,853,
17.751,0.4666666667,854,
17.765,0.4672131148,855,
17.765,0.4677595628,856,
17.769,0.4683060109,857,
17.77,0.468852459,858,
17.775,0.4693989071,859,
17.775,0.4699453552,860,
17.776,0.4704918033,861,
17.779,0.4710382514,862,
17.784,0.4715846995,863,
17.79,0.4721311475,864,
17.795,0.4726775956,865,
17.804,0.4732240437,866,
17.807,0.4737704918,867,
17.816,0.4743169399,868,
17.818,0.474863388,869,
17.823,0.4754098361,870,
17.828,0.4759562842,871,
17.835,0.4765027322,872,
17.839,0.4770491803,873,
17.843,0.4775956284,874,
17.843,0.4781420765,875,
17.846,0.4786885246,876,
17.862,0.4792349727,877,
17.864,0.4797814208,878,
17.869,0.4803278689,879,
17.873,0.4808743169,880,
17.874,0.481420765,881,
17.879,0.4819672131,882,
17.896,0.4825136612,883,
17.9,0.4830601093,884,
17.902,0.4836065574,885,
17.904,0.4841530055,886,
17.906,0.4846994536,887,
17.909,0.4852459016,888,
17.909,0.4857923497,889,
17.91,0.4863387978,890,
17.914,0.4868852459,891,
17.923,0.487431694,892,
17.938,0.4879781421,893,
17.939,0.4885245902,894,
17.941,0.4890710383,895,
17.946,0.4896174863,896,
17.953,0.4901639344,897,
17.954,0.4907103825,898,
17.955,0.4912568306,899,
17.956,0.4918032787,900,
17.963,0.4923497268,901,
17.964,0.4928961749,902,
17.964,0.493442623,903,
17.966,0.493989071,904,
17.966,0.4945355191,905,
17.968,0.4950819672,906,
17.971,0.4956284153,907,
17.972,0.4961748634,908,
17.976,0.4967213115,909,
17.98,0.4972677596,910,
17.981,0.4978142077,911,
17.991,0.4983606557,912,
18.013,0.4989071038,913,
18.019,0.4994535519,914,
18.019,0.5,915,
18.024,0.5005464481,916,
18.029,0.5010928962,917,
18.03,0.5016393443,918,
18.036,0.5021857923,919,
18.036,0.5027322404,920,
18.04,0.5032786885,921,
18.049,0.5038251366,922,
18.053,0.5043715847,923,
18.056,0.5049180328,924,
18.061,0.5054644809,925,
18.073,0.506010929,926,
18.074,0.506557377,927,
18.094,0.5071038251,928,
18.097,0.5076502732,929,
18.105,0.5081967213,930,
18.108,0.5087431694,931,
18.12,0.5092896175,932,
18.124,0.5098360656,933,
18.124,0.5103825137,934,
18.124,0.5109289617,935,
18.125,0.5114754098,936,
18.142,0.5120218579,937,
18.148,0.512568306,938,
18.154,0.5131147541,939,
18.159,0.5136612022,940,
18.164,0.5142076503,941,
18.173,0.5147540984,942,
18.178,0.5153005464,943,
18.186,0.5158469945,944,
18.194,0.5163934426,945,
18.199,0.5169398907,946,
18.2,0.5174863388,947,
18.205,0.5180327869,948,
18.21,0.518579235,949,
18.21,0.5191256831,950,
18.225,0.5196721311,951,
18.229,0.5202185792,952,
18.233,0.5207650273,953,
18.237,0.5213114754,954,
18.239,0.5218579235,955,
18.255,0.5224043716,956,
18.257,0.5229508197,957,
18.257,0.5234972678,958,
18.265,0.5240437158,959,
18.265,0.5245901639,960,
18.274,0.525136612,961,
18.29,0.5256830601,962,
18.301,0.5262295082,963,
18.303,0.5267759563,964,
18.313,0.5273224044,965,
18.313,0.5278688525,966,
18.324,0.5284153005,967,
18.326,0.5289617486,968,
18.348,0.5295081967,969,
18.357,0.5300546448,970,
18.381,0.5306010929,971,
18.386,0.531147541,972,
18.393,0.5316939891,973,
18.41,0.5322404372,974,
18.414,0.5327868852,975,
18.416,0.5333333333,976,
18.423,0.5338797814,977,
18.428,0.5344262295,978,
18.429,0.5349726776,979,
18.434,0.5355191257,980,
18.443,0.5360655738,981,
18.447,0.5366120219,982,
18.448,0.5371584699,983,
18.465,0.537704918,984,
18.471,0.5382513661,985,
18.476,0.5387978142,986,
18.477,0.5393442623,987,
18.48,0.5398907104,988,
18.486,0.5404371585,989,
18.486,0.5409836066,990,
18.496,0.5415300546,991,
18.498,0.5420765027,992,
18.5,0.5426229508,993,
18.501,0.5431693989,994,
18.513,0.543715847,995,
18.515,0.5442622951,996,
18.519,0.5448087432,997,
18.537,0.5453551913,998,
18.538,0.5459016393,999,
18.542,0.5464480874,1000,
18.555,0.5469945355,1001,
18.562,0.5475409836,1002,
18.562,0.5480874317,1003,
18.576,0.5486338798,1004,
18.584,0.5491803279,1005,
18.631,0.549726776,1006,
18.635,0.550273224,1007,
18.648,0.5508196721,1008,
18.661,0.5513661202,1009,
18.666,0.5519125683,1010,
18.67,0.5524590164,1011,
18.673,0.5530054645,1012,
18.676,0.5535519126,1013,
18.676,0.5540983607,1014,
18.698,0.5546448087,1015,
18.698,0.5551912568,1016,
18.713,0.5557377049,1017,
18.721,0.556284153,1018,
18.735,0.5568306011,1019,
18.74,0.5573770492,1020,
18.743,0.5579234973,1021,
18.744,0.5584699454,1022,
18.747,0.5590163934,1023,
18.749,0.5595628415,1024,
18.75,0.5601092896,1025,
18.766,0.5606557377,1026,
18.768,0.5612021858,1027,
18.776,0.5617486339,1028,
18.793,0.562295082,1029,
18.803,0.5628415301,1030,
18.813,0.5633879781,1031,
18.815,0.5639344262,1032,
18.822,0.5644808743,1033,
18.822,0.5650273224,1034,
18.829,0.5655737705,1035,
18.831,0.5661202186,1036,
18.862,0.5666666667,1037,
18.883,0.5672131148,1038,
18.892,0.5677595628,1039,
18.9,0.5683060109,1040,
18.901,0.568852459,1041,
18.907,0.5693989071,1042,
18.912,0.5699453552,1043,
18.914,0.5704918033,1044,
18.921,0.5710382514,1045,
18.927,0.5715846995,1046,
18.931,0.5721311475,1047,
18.932,0.5726775956,1048,
18.952,0.5732240437,1049,
18.953,0.5737704918,1050,
18.962,0.5743169399,1051,
18.974,0.574863388,1052,
18.975,0.5754098361,1053,
18.985,0.5759562842,1054,
18.986,0.5765027322,1055,
18.993,0.5770491803,1056,
18.997,0.5775956284,1057,
19.016,0.5781420765,1058,
19.019,0.5786885246,1059,
19.021,0.5792349727,1060,
19.028,0.5797814208,1061,
19.038,0.5803278689,1062,
19.048,0.5808743169,1063,
19.059,0.581420765,1064,
19.062,0.5819672131,1065,
19.082,0.5825136612,1066,
19.084,0.5830601093,1067,
19.091,0.5836065574,1068,
19.093,0.5841530055,1069,
19.094,0.5846994536,1070,
19.098,0.5852459016,1071,
19.099,0.5857923497,1072,
19.103,0.5863387978,1073,
19.115,0.5868852459,1074,
19.139,0.587431694,1075,
19.158,0.5879781421,1076,
19.161,0.5885245902,1077,
19.161,0.5890710383,1078,
19.167,0.5896174863,1079,
19.179,0.5901639344,1080,
19.183,0.5907103825,1081,
19.189,0.5912568306,1082,
19.19,0.5918032787,1083,
19.2,0.5923497268,1084,
19.204,0.5928961749,1085,
19.23,0.593442623,1086,
19.248,0.593989071,1087,
19.248,0.5945355191,1088,
19.259,0.5950819672,1089,
19.271,0.5956284153,1090,
19.273,0.5961748634,1091,
19.298,0.5967213115,1092,
19.304,0.5972677596,1093,
19.304,0.5978142077,1094,
19.328,0.5983606557,1095,
19.347,0.5989071038,1096,
19.349,0.5994535519,1097,
19.38,0.6,1098,
19.385,0.6005464481,1099,
19.387,0.6010928962,1100,
19.405,0.6016393443,1101,
19.423,0.6021857923,1102,
19.433,0.6027322404,1103,
19.437,0.6032786885,1104,
19.437,0.6038251366,1105,
19.444,0.6043715847,1106,
19.47,0.6049180328,1107,
19.47,0.6054644809,1108,
19.494,0.606010929,1109,
19.508,0.606557377,1110,
19.51,0.6071038251,1111,
19.534,0.6076502732,1112,
19.537,0.6081967213,1113,
19.551,0.6087431694,1114,
19.557,0.6092896175,1115,
19.572,0.6098360656,1116,
19.58,0.6103825137,1117,
19.588,0.6109289617,1118,
19.596,0.6114754098,1119,
19.615,0.6120218579,1120,
19.615,0.612568306,1121,
19.616,0.6131147541,1122,
19.62,0.6136612022,1123,
19.631,0.6142076503,1124,
19.638,0.6147540984,1125,
19.647,0.6153005464,1126,
19.669,0.6158469945,1127,
19.67,0.6163934426,1128,
19.692,0.6169398907,1129,
19.733,0.6174863388,1130,
19.741,0.6180327869,1131,
19.778,0.618579235,1132,
19.8,0.6191256831,1133,
19.841,0.6196721311,1134,
19.844,0.6202185792,1135,
19.844,0.6207650273,1136,
19.851,0.6213114754,1137,
19.851,0.6218579235,1138,
19.855,0.6224043716,1139,
19.864,0.6229508197,1140,
19.888,0.6234972678,1141,
19.9,0.6240437158,1142,
19.911,0.6245901639,1143,
19.914,0.625136612,1144,
19.924,0.6256830601,1145,
19.944,0.6262295082,1146,
19.953,0.6267759563,1147,
19.953,0.6273224044,1148,
19.971,0.6278688525,1149,
20.004,0.6284153005,1150,
20.005,0.6289617486,1151,
20.012,0.6295081967,1152,
20.014,0.6300546448,1153,
20.017,0.6306010929,1154,
20.019,0.631147541,1155,
20.043,0.6316939891,1156,
20.065,0.6322404372,1157,
20.066,0.6327868852,1158,
20.098,0.6333333333,1159,
20.117,0.6338797814,1160,
20.119,0.6344262295,1161,
20.202,0.6349726776,1162,
20.212,0.6355191257,1163,
20.223,0.6360655738,1164,
20.24,0.6366120219,1165,
20.245,0.6371584699,1166,
20.341,0.637704918,1167,
20.344,0.6382513661,1168,
20.372,0.6387978142,1169,
20.38,0.6393442623,1170,
20.399,0.6398907104,1171,
20.416,0.6404371585,1172,
20.43,0.6409836066,1173,
20.436,0.6415300546,1174,
20.441,0.6420765027,1175,
20.476,0.6426229508,1176,
20.483,0.6431693989,1177,
20.487,0.643715847,1178,
20.488,0.6442622951,1179,
20.545,0.6448087432,1180,
20.588,0.6453551913,1181,
20.595,0.6459016393,1182,
20.621,0.6464480874,1183,
20.673,0.6469945355,1184,
20.677,0.6475409836,1185,
20.693,0.6480874317,1186,
20.745,0.6486338798,1187,
20.745,0.6491803279,1188,
20.76,0.649726776,1189,
20.797,0.650273224,1190,
20.802,0.6508196721,1191,
20.805,0.6513661202,1192,
20.81,0.6519125683,1193,
20.828,0.6524590164,1194,
20.853,0.6530054645,1195,
20.894,0.6535519126,1196,
20.907,0.6540983607,1197,
20.919,0.6546448087,1198,
20.942,0.6551912568,1199,
20.955,0.6557377049,1200,
20.96,0.656284153,1201,
20.968,0.6568306011,1202,
20.973,0.6573770492,1203,
21.018,0.6579234973,1204,
21.026,0.6584699454,1205,
21.041,0.6590163934,1206,
21.106,0.6595628415,1207,
21.119,0.6601092896,1208,
21.134,0.6606557377,1209,
21.147,0.6612021858,1210,
21.15,0.6617486339,1211,
21.168,0.662295082,1212,
21.176,0.6628415301,1213,
21.201,0.6633879781,1214,
21.26,0.6639344262,1215,
21.267,0.6644808743,1216,
21.277,0.6650273224,1217,
21.283,0.6655737705,1218,
21.299,0.6661202186,1219,
21.32,0.6666666667,1220,
21.346,0.6672131148,1221,
21.359,0.6677595628,1222,
21.366,0.6683060109,1223,
21.384,0.668852459,1224,
21.449,0.6693989071,1225,
21.532,0.6699453552,1226,
21.551,0.6704918033,1227,
21.557,0.6710382514,1228,
21.591,0.6715846995,1229,
21.603,0.6721311475,1230,
21.615,0.6726775956,1231,
21.641,0.6732240437,1232,
21.745,0.6737704918,1233,
21.786,0.6743169399,1234,
21.795,0.674863388,1235,
21.822,0.6754098361,1236,
21.85,0.6759562842,1237,
21.918,0.6765027322,1238,
22.025,0.6770491803,1239,
22.035,0.6775956284,1240,
22.062,0.6781420765,1241,
22.078,0.6786885246,1242,
22.093,0.6792349727,1243,
22.105,0.6797814208,1244,
22.158,0.6803278689,1245,
22.195,0.6808743169,1246,
22.208,0.681420765,1247,
22.225,0.6819672131,1248,
22.242,0.6825136612,1249,
22.244,0.6830601093,1250,
22.279,0.6836065574,1251,
22.412,0.6841530055,1252,
22.455,0.6846994536,1253,
22.461,0.6852459016,1254,
22.479,0.6857923497,1255,
22.484,0.6863387978,1256,
22.488,0.6868852459,1257,
22.519,0.687431694,1258,
22.543,0.6879781421,1259,
22.546,0.6885245902,1260,
22.557,0.6890710383,1261,
22.574,0.6896174863,1262,
22.579,0.6901639344,1263,
22.593,0.6907103825,1264,
22.62,0.6912568306,1265,
22.714,0.6918032787,1266,
22.739,0.6923497268,1267,
22.815,0.6928961749,1268,
22.825,0.693442623,1269,
22.828,0.693989071,1270,
22.833,0.6945355191,1271,
22.878,0.6950819672,1272,
22.89,0.6956284153,1273,
22.906,0.6961748634,1274,
22.92,0.6967213115,1275,
22.952,0.6972677596,1276,
22.977,0.6978142077,1277,
23.003,0.6983606557,1278,
23.003,0.6989071038,1279,
23.012,0.6994535519,1280,
23.015,0.7,1281,
23.028,0.7005464481,1282,
23.057,0.7010928962,1283,
23.058,0.7016393443,1284,
23.059,0.7021857923,1285,
23.062,0.7027322404,1286,
23.063,0.7032786885,1287,
23.077,0.7038251366,1288,
23.134,0.7043715847,1289,
23.155,0.7049180328,1290,
23.175,0.7054644809,1291,
23.18,0.706010929,1292,
23.236,0.706557377,1293,
23.24,0.7071038251,1294,
23.241,0.7076502732,1295,
23.292,0.7081967213,1296,
23.317,0.7087431694,1297,
23.339,0.7092896175,1298,
23.339,0.7098360656,1299,
23.389,0.7103825137,1300,
23.389,0.7109289617,1301,
23.412,0.7114754098,1302,
23.435,0.7120218579,1303,
23.446,0.712568306,1304,
23.462,0.7131147541,1305,
23.486,0.7136612022,1306,
23.506,0.7142076503,1307,
23.555,0.7147540984,1308,
23.615,0.7153005464,1309,
23.623,0.7158469945,1310,
23.678,0.7163934426,1311,
23.693,0.7169398907,1312,
23.695,0.7174863388,1313,
23.71,0.7180327869,1314,
23.714,0.718579235,1315,
23.734,0.7191256831,1316,
23.749,0.7196721311,1317,
23.785,0.7202185792,1318,
23.829,0.7207650273,1319,
23.862,0.7213114754,1320,
23.879,0.7218579235,1321,
23.89,0.7224043716,1322,
23.898,0.7229508197,1323,
23.921,0.7234972678,1324,
23.956,0.7240437158,1325,
23.979,0.7245901639,1326,
23.982,0.725136612,1327,
23.99,0.7256830601,1328,
23.993,0.7262295082,1329,
24.01,0.7267759563,1330,
24.043,0.7273224044,1331,
24.075,0.7278688525,1332,
24.084,0.7284153005,1333,
24.112,0.7289617486,1334,
24.125,0.7295081967,1335,
24.142,0.7300546448,1336,
24.142,0.7306010929,1337,
24.153,0.731147541,1338,
24.153,0.7316939891,1339,
24.159,0.7322404372,1340,
24.171,0.7327868852,1341,
24.177,0.7333333333,1342,
24.179,0.7338797814,1343,
24.193,0.7344262295,1344,
24.193,0.7349726776,1345,
24.195,0.7355191257,1346,
24.203,0.7360655738,1347,
24.207,0.7366120219,1348,
24.212,0.7371584699,1349,
24.213,0.737704918,1350,
24.222,0.7382513661,1351,
24.222,0.7387978142,1352,
24.222,0.7393442623,1353,
24.224,0.7398907104,1354,
24.225,0.7404371585,1355,
24.242,0.7409836066,1356,
24.248,0.7415300546,1357,
24.249,0.7420765027,1358,
24.251,0.7426229508,1359,
24.251,0.7431693989,1360,
24.291,0.743715847,1361,
24.301,0.7442622951,1362,
24.301,0.7448087432,1363,
24.318,0.7453551913,1364,
24.32,0.7459016393,1365,
24.324,0.7464480874,1366,
24.328,0.7469945355,1367,
24.336,0.7475409836,1368,
24.34,0.7480874317,1369,
24.345,0.7486338798,1370,
24.351,0.7491803279,1371,
24.354,0.749726776,1372,
24.356,0.750273224,1373,
24.378,0.7508196721,1374,
24.38,0.7513661202,1375,
24.382,0.7519125683,1376,
24.382,0.7524590164,1377,
24.385,0.7530054645,1378,
24.391,0.7535519126,1379,
24.395,0.7540983607,1380,
24.398,0.7546448087,1381,
24.404,0.7551912568,1382,
24.418,0.7557377049,1383,
24.426,0.756284153,1384,
24.437,0.7568306011,1385,
24.449,0.7573770492,1386,
24.45,0.7579234973,1387,
24.452,0.7584699454,1388,
24.458,0.7590163934,1389,
24.46,0.7595628415,1390,
24.461,0.7601092896,1391,
24.47,0.7606557377,1392,
24.481,0.7612021858,1393,
24.482,0.7617486339,1394,
24.483,0.762295082,1395,
24.483,0.7628415301,1396,
24.486,0.7633879781,1397,
24.488,0.7639344262,1398,
24.497,0.7644808743,1399,
24.507,0.7650273224,1400,
24.509,0.7655737705,1401,
24.511,0.7661202186,1402,
24.515,0.7666666667,1403,
24.52,0.7672131148,1404,
24.521,0.7677595628,1405,
24.523,0.7683060109,1406,
24.528,0.768852459,1407,
24.528,0.7693989071,1408,
24.53,0.7699453552,1409,
24.531,0.7704918033,1410,
24.534,0.7710382514,1411,
24.544,0.7715846995,1412,
24.544,0.7721311475,1413,
24.549,0.7726775956,1414,
24.551,0.7732240437,1415,
24.555,0.7737704918,1416,
24.562,0.7743169399,1417,
24.564,0.774863388,1418,
24.574,0.7754098361,1419,
24.586,0.7759562842,1420,
24.592,0.7765027322,1421,
24.595,0.7770491803,1422,
24.602,0.7775956284,1423,
24.605,0.7781420765,1424,
24.615,0.7786885246,1425,
24.616,0.7792349727,1426,
24.629,0.7797814208,1427,
24.633,0.7803278689,1428,
24.64,0.7808743169,1429,
24.648,0.781420765,1430,
24.666,0.7819672131,1431,
24.67,0.7825136612,1432,
24.679,0.7830601093,1433,
24.689,0.7836065574,1434,
24.693,0.7841530055,1435,
24.696,0.7846994536,1436,
24.702,0.7852459016,1437,
24.713,0.7857923497,1438,
24.713,0.7863387978,1439,
24.715,0.7868852459,1440,
24.724,0.787431694,1441,
24.726,0.7879781421,1442,
24.728,0.7885245902,1443,
24.729,0.7890710383,1444,
24.744,0.7896174863,1445,
24.744,0.7901639344,1446,
24.754,0.7907103825,1447,
24.759,0.7912568306,1448,
24.762,0.7918032787,1449,
24.777,0.7923497268,1450,
24.787,0.7928961749,1451,
24.792,0.793442623,1452,
24.799,0.793989071,1453,
24.808,0.7945355191,1454,
24.819,0.7950819672,1455,
24.819,0.7956284153,1456,
24.839,0.7961748634,1457,
24.861,0.7967213115,1458,
24.863,0.7972677596,1459,
24.867,0.7978142077,1460,
24.868,0.7983606557,1461,
24.875,0.7989071038,1462,
24.876,0.7994535519,1463,
24.89,0.8,1464,
24.893,0.8005464481,1465,
24.893,0.8010928962,1466,
24.91,0.8016393443,1467,
24.913,0.8021857923,1468,
24.918,0.8027322404,1469,
24.922,0.8032786885,1470,
24.924,0.8038251366,1471,
24.93,0.8043715847,1472,
24.955,0.8049180328,1473,
24.969,0.8054644809,1474,
24.975,0.806010929,1475,
24.977,0.806557377,1476,
24.977,0.8071038251,1477,
24.979,0.8076502732,1478,
24.996,0.8081967213,1479,
25.001,0.8087431694,1480,
25.005,0.8092896175,1481,
25.006,0.8098360656,1482,
25.019,0.8103825137,1483,
25.031,0.8109289617,1484,
25.032,0.8114754098,1485,
25.051,0.8120218579,1486,
25.056,0.812568306,1487,
25.056,0.8131147541,1488,
25.062,0.8136612022,1489,
25.064,0.8142076503,1490,
25.071,0.8147540984,1491,
25.086,0.8153005464,1492,
25.091,0.8158469945,1493,
25.092,0.8163934426,1494,
25.103,0.8169398907,1495,
25.103,0.8174863388,1496,
25.122,0.8180327869,1497,
25.122,0.818579235,1498,
25.131,0.8191256831,1499,
25.144,0.8196721311,1500,
25.145,0.8202185792,1501,
25.148,0.8207650273,1502,
25.152,0.8213114754,1503,
25.164,0.8218579235,1504,
25.216,0.8224043716,1505,
25.218,0.8229508197,1506,
25.221,0.8234972678,1507,
25.225,0.8240437158,1508,
25.241,0.8245901639,1509,
25.253,0.825136612,1510,
25.292,0.8256830601,1511,
25.292,0.8262295082,1512,
25.298,0.8267759563,1513,
25.308,0.8273224044,1514,
25.324,0.8278688525,1515,
25.332,0.8284153005,1516,
25.339,0.8289617486,1517,
25.339,0.8295081967,1518,
25.348,0.8300546448,1519,
25.365,0.8306010929,1520,
25.367,0.831147541,1521,
25.373,0.8316939891,1522,
25.38,0.8322404372,1523,
25.38,0.8327868852,1524,
25.385,0.8333333333,1525,
25.415,0.8338797814,1526,
25.432,0.8344262295,1527,
25.436,0.8349726776,1528,
25.459,0.8355191257,1529,
25.473,0.8360655738,1530,
25.498,0.8366120219,1531,
25.514,0.8371584699,1532,
25.52,0.837704918,1533,
25.527,0.8382513661,1534,
25.528,0.8387978142,1535,
25.529,0.8393442623,1536,
25.534,0.8398907104,1537,
25.535,0.8404371585,1538,
25.543,0.8409836066,1539,
25.572,0.8415300546,1540,
25.577,0.8420765027,1541,
25.583,0.8426229508,1542,
25.605,0.8431693989,1543,
25.607,0.843715847,1544,
25.617,0.8442622951,1545,
25.628,0.8448087432,1546,
25.637,0.8453551913,1547,
25.642,0.8459016393,1548,
25.643,0.8464480874,1549,
25.648,0.8469945355,1550,
25.687,0.8475409836,1551,
25.708,0.8480874317,1552,
25.709,0.8486338798,1553,
25.738,0.8491803279,1554,
25.745,0.849726776,1555,
25.75,0.850273224,1556,
25.754,0.8508196721,1557,
25.758,0.8513661202,1558,
25.758,0.8519125683,1559,
25.761,0.8524590164,1560,
25.781,0.8530054645,1561,
25.782,0.8535519126,1562,
25.783,0.8540983607,1563,
25.811,0.8546448087,1564,
25.831,0.8551912568,1565,
25.834,0.8557377049,1566,
25.848,0.856284153,1567,
25.861,0.8568306011,1568,
25.863,0.8573770492,1569,
25.869,0.8579234973,1570,
25.879,0.8584699454,1571,
25.896,0.8590163934,1572,
25.904,0.8595628415,1573,
25.911,0.8601092896,1574,
25.923,0.8606557377,1575,
25.954,0.8612021858,1576,
25.954,0.8617486339,1577,
25.964,0.862295082,1578,
25.972,0.8628415301,1579,
25.972,0.8633879781,1580,
25.994,0.8639344262,1581,
26.001,0.8644808743,1582,
26.02,0.8650273224,1583,
26.025,0.8655737705,1584,
26.034,0.8661202186,1585,
26.043,0.8666666667,1586,
26.064,0.8672131148,1587,
26.068,0.8677595628,1588,
26.076,0.8683060109,1589,
26.087,0.868852459,1590,
26.092,0.8693989071,1591,
26.097,0.8699453552,1592,
26.14,0.8704918033,1593,
26.153,0.8710382514,1594,
26.154,0.8715846995,1595,
26.158,0.8721311475,1596,
26.18,0.8726775956,1597,
26.189,0.8732240437,1598,
26.194,0.8737704918,1599,
26.218,0.8743169399,1600,
26.226,0.874863388,1601,
26.233,0.8754098361,1602,
26.258,0.8759562842,1603,
26.262,0.8765027322,1604,
26.296,0.8770491803,1605,
26.3,0.8775956284,1606,
26.357,0.8781420765,1607,
26.365,0.8786885246,1608,
26.366,0.8792349727,1609,
26.37,0.8797814208,1610,
26.391,0.8803278689,1611,
26.396,0.8808743169,1612,
26.402,0.881420765,1613,
26.434,0.8819672131,1614,
26.451,0.8825136612,1615,
26.458,0.8830601093,1616,
26.458,0.8836065574,1617,
26.469,0.8841530055,1618,
26.471,0.8846994536,1619,
26.488,0.8852459016,1620,
26.509,0.8857923497,1621,
26.561,0.8863387978,1622,
26.563,0.8868852459,1623,
26.576,0.887431694,1624,
26.587,0.8879781421,1625,
26.591,0.8885245902,1626,
26.601,0.8890710383,1627,
26.612,0.8896174863,1628,
26.617,0.8901639344,1629,
26.643,0.8907103825,1630,
26.643,0.8912568306,1631,
26.647,0.8918032787,1632,
26.648,0.8923497268,1633,
26.659,0.8928961749,1634,
26.67,0.893442623,1635,
26.683,0.893989071,1636,
26.683,0.8945355191,1637,
26.693,0.8950819672,1638,
26.697,0.8956284153,1639,
26.72,0.8961748634,1640,
26.73,0.8967213115,1641,
26.747,0.8972677596,1642,
26.76,0.8978142077,1643,
26.774,0.8983606557,1644,
26.79,0.8989071038,1645,
26.809,0.8994535519,1646,
26.81,0.9,1647,
26.867,0.9005464481,1648,
26.933,0.9010928962,1649,
26.933,0.9016393443,1650,
26.968,0.9021857923,1651,
26.978,0.9027322404,1652,
26.982,0.9032786885,1653,
26.997,0.9038251366,1654,
26.999,0.9043715847,1655,
27.033,0.9049180328,1656,
27.067,0.9054644809,1657,
27.078,0.906010929,1658,
27.084,0.906557377,1659,
27.104,0.9071038251,1660,
27.116,0.9076502732,1661,
27.123,0.9081967213,1662,
27.209,0.9087431694,1663,
27.245,0.9092896175,1664,
27.248,0.9098360656,1665,
27.258,0.9103825137,1666,
27.273,0.9109289617,1667,
27.277,0.9114754098,1668,
27.361,0.9120218579,1669,
27.378,0.912568306,1670,
27.409,0.9131147541,1671,
27.424,0.9136612022,1672,
27.44,0.9142076503,1673,
27.45,0.9147540984,1674,
27.453,0.9153005464,1675,
27.493,0.9158469945,1676,
27.519,0.9163934426,1677,
27.546,0.9169398907,1678,
27.551,0.9174863388,1679,
27.558,0.9180327869,1680,
27.565,0.918579235,1681,
27.568,0.9191256831,1682,
27.606,0.9196721311,1683,
27.641,0.9202185792,1684,
27.666,0.9207650273,1685,
27.674,0.9213114754,1686,
27.678,0.9218579235,1687,
27.708,0.9224043716,1688,
27.721,0.9229508197,1689,
27.729,0.9234972678,1690,
27.742,0.9240437158,1691,
27.777,0.9245901639,1692,
27.809,0.925136612,1693,
27.813,0.9256830601,1694,
27.816,0.9262295082,1695,
27.832,0.9267759563,1696,
27.834,0.9273224044,1697,
27.857,0.9278688525,1698,
27.858,0.9284153005,1699,
27.858,0.9289617486,1700,
27.875,0.9295081967,1701,
27.896,0.9300546448,1702,
27.904,0.9306010929,1703,
27.908,0.931147541,1704,
27.916,0.9316939891,1705,
27.927,0.9322404372,1706,
27.931,0.9327868852,1707,
27.946,0.9333333333,1708,
27.967,0.9338797814,1709,
27.976,0.9344262295,1710,
27.987,0.9349726776,1711,
27.988,0.9355191257,1712,
27.997,0.9360655738,1713,
28.035,0.9366120219,1714,
28.048,0.9371584699,1715,
28.054,0.937704918,1716,
28.06,0.9382513661,1717,
28.06,0.9387978142,1718,
28.064,0.9393442623,1719,
28.071,0.9398907104,1720,
28.107,0.9404371585,1721,
28.108,0.9409836066,1722,
28.129,0.9415300546,1723,
28.136,0.9420765027,1724,
28.145,0.9426229508,1725,
28.157,0.9431693989,1726,
28.164,0.943715847,1727,
28.174,0.9442622951,1728,
28.193,0.9448087432,1729,
28.193,0.9453551913,1730,
28.196,0.9459016393,1731,
28.196,0.9464480874,1732,
28.201,0.9469945355,1733,
28.257,0.9475409836,1734,
28.272,0.9480874317,1735,
28.28,0.9486338798,1736,
28.3,0.9491803279,1737,
28.335,0.949726776,1738,
28.335,0.950273224,1739,
28.341,0.9508196721,1740,
28.379,0.9513661202,1741,
28.38,0.9519125683,1742,
28.402,0.9524590164,1743,
28.406,0.9530054645,1744,
28.414,0.9535519126,1745,
28.415,0.9540983607,1746,
28.433,0.9546448087,1747,
28.436,0.9551912568,1748,
28.459,0.9557377049,1749,
28.476,0.956284153,1750,
28.476,0.9568306011,1751,
28.527,0.9573770492,1752,
28.53,0.9579234973,1753,
28.53,0.9584699454,1754,
28.531,0.9590163934,1755,
28.547,0.9595628415,1756,
28.55,0.9601092896,1757,
28.59,0.9606557377,1758,
28.604,0.9612021858,1759,
28.62,0.9617486339,1760,
28.63,0.962295082,1761,
28.644,0.9628415301,1762,
28.65,0.9633879781,1763,
28.672,0.9639344262,1764,
28.688,0.9644808743,1765,
28.734,0.9650273224,1766,
28.747,0.9655737705,1767,
28.769,0.9661202186,1768,
28.772,0.9666666667,1769,
28.84,0.9672131148,1770,
28.949,0.9677595628,1771,
28.969,0.9683060109,1772,
28.995,0.968852459,1773,
29.013,0.9693989071,1774,
29.063,0.9699453552,1775,
29.089,0.9704918033,1776,
29.162,0.9710382514,1777,
29.165,0.9715846995,1778,
29.19,0.9721311475,1779,
29.241,0.9726775956,1780,
29.244,0.9732240437,1781,
29.261,0.9737704918,1782,
29.363,0.9743169399,1783,
29.379,0.974863388,1784,
29.42,0.9754098361,1785,
29.483,0.9759562842,1786,
29.487,0.9765027322,1787,
29.509,0.9770491803,1788,
29.535,0.9775956284,1789,
29.567,0.9781420765,1790,
29.568,0.9786885246,1791,
29.586,0.9792349727,1792,
29.589,0.9797814208,1793,
29.603,0.9803278689,1794,
29.609,0.9808743169,1795,
29.709,0.981420765,1796,
29.762,0.9819672131,1797,
29.798,0.9825136612,1798,
29.872,0.9830601093,1799,
29.877,0.9836065574,1800,
29.919,0.9841530055,1801,
29.968,0.9846994536,1802,
29.991,0.9852459016,1803,
30.092,0.9857923497,1804,
30.11,0.9863387978,1805,
30.223,0.9868852459,1806,
30.433,0.987431694,1807,
30.438,0.9879781421,1808,
30.525,0.9885245902,1809,
30.648,0.9890710383,1810,
30.687,0.9896174863,1811,
30.805,0.9901639344,1812,
30.816,0.9907103825,1813,
30.835,0.9912568306,1814,
30.846,0.9918032787,1815,
30.85,0.9923497268,1816,
30.867,0.9928961749,1817,
31.026,0.993442623,1818,
31.155,0.993989071,1819,
31.221,0.9945355191,1820,
31.321,0.9950819672,1821,
31.329,0.9956284153,1822,
31.358,0.9961748634,1823,
31.368,0.9967213115,1824,
31.371,0.9972677596,1825,
31.402,0.9978142077,1826,
31.434,0.9983606557,1827,
31.724,0.9989071038,1828,
31.923,0.9994535519,1829,
32.008,1,1830,
