10.9,0.0002923977,1,3420
10.915,0.0005847953,2,
10.915,0.000877193,3,
10.923,0.0011695906,4,
10.929,0.0014619883,5,
10.931,0.001754386,6,
10.933,0.0020467836,7,
10.941,0.0023391813,8,
11.019,0.0026315789,9,
11.029,0.0029239766,10,
11.047,0.0032163743,11,
11.058,0.0035087719,12,
11.063,0.0038011696,13,
11.07,0.0040935673,14,
11.075,0.0043859649,15,
11.087,0.0046783626,16,
11.109,0.0049707602,17,
11.134,0.0052631579,18,
11.145,0.0055555556,19,
11.145,0.0058479532,20,
11.152,0.0061403509,21,
11.159,0.0064327485,22,
11.166,0.0067251462,23,
11.172,0.0070175439,24,
11.181,0.0073099415,25,
11.194,0.0076023392,26,
11.196,0.0078947368,27,
11.198,0.0081871345,28,
11.202,0.0084795322,29,
11.205,0.0087719298,30,
11.208,0.0090643275,31,
11.221,0.0093567251,32,
11.236,0.0096491228,33,
11.263,0.0099415205,34,
11.267,0.0102339181,35,
11.277,0.0105263158,36,
11.298,0.0108187135,37,
11.322,0.0111111111,38,
11.325,0.0114035088,39,
11.326,0.0116959064,40,
11.345,0.0119883041,41,
11.349,0.0122807018,42,
11.358,0.0125730994,43,
11.362,0.0128654971,44,
11.384,0.0131578947,45,
11.408,0.0134502924,46,
11.428,0.0137426901,47,
11.437,0.0140350877,48,
11.444,0.0143274854,49,
11.465,0.014619883,50,
11.475,0.0149122807,51,
11.485,0.0152046784,52,
11.491,0.015497076,53,
11.492,0.0157894737,54,
11.493,0.0160818713,55,
11.512,0.016374269,56,
11.519,0.0166666667,57,
11.532,0.0169590643,58,
11.563,0.017251462,59,
11.573,0.0175438596,60,
11.577,0.0178362573,61,
11.592,0.018128655,62,
11.622,0.0184210526,63,
11.642,0.0187134503,64,
11.643,0.019005848,65,
11.65,0.0192982456,66,
11.676,0.0195906433,67,
11.679,0.0198830409,68,
11.679,0.0201754386,69,
11.682,0.0204678363,70,
11.686,0.0207602339,71,
11.694,0.0210526316,72,
11.697,0.0213450292,73,
11.716,0.0216374269,74,
11.724,0.0219298246,75,
11.725,0.0222222222,76,
11.734,0.0225146199,77,
11.736,0.0228070175,78,
11.738,0.0230994152,79,
11.738,0.0233918129,80,
11.742,0.0236842105,81,
11.746,0.0239766082,82,
11.748,0.0242690058,83,
11.755,0.0245614035,84,
11.769,0.0248538012,85,
11.776,0.0251461988,86,
11.78,0.0254385965,87,
11.782,0.0257309942,88,
11.787,0.0260233918,89,
11.8,0.0263157895,90,
11.802,0.0266081871,91,
11.804,0.0269005848,92,
11.815,0.0271929825,93,
11.826,0.0274853801,94,
11.835,0.0277777778,95,
11.842,0.0280701754,96,
11.844,0.0283625731,97,
11.869,0.0286549708,98,
11.873,0.0289473684,99,
11.877,0.0292397661,100,
11.884,0.0295321637,101,
11.887,0.0298245614,102,
11.891,0.0301169591,103,
11.912,0.0304093567,104,
11.918,0.0307017544,105,
11.918,0.030994152,106,
11.94,0.0312865497,107,
11.942,0.0315789474,108,
11.943,0.031871345,109,
11.943,0.0321637427,110,
11.944,0.0324561404,111,
11.948,0.032748538,112,
11.949,0.0330409357,113,
11.956,0.0333333333,114,
11.964,0.033625731,115,
11.967,0.0339181287,116,
11.968,0.0342105263,117,
11.981,0.034502924,118,
11.982,0.0347953216,119,
11.988,0.0350877193,120,
12.01,0.035380117,121,
12.01,0.0356725146,122,
12.011,0.0359649123,123,
12.018,0.0362573099,124,
12.019,0.0365497076,125,
12.042,0.0368421053,126,
12.059,0.0371345029,127,
12.079,0.0374269006,128,
12.09,0.0377192982,129,
12.101,0.0380116959,130,
12.103,0.0383040936,131,
12.118,0.0385964912,132,
12.122,0.0388888889,133,
12.124,0.0391812865,134,
12.151,0.0394736842,135,
12.158,0.0397660819,136,
12.163,0.0400584795,137,
12.168,0.0403508772,138,
12.209,0.0406432749,139,
12.21,0.0409356725,140,
12.238,0.0412280702,141,
12.238,0.0415204678,142,
12.241,0.0418128655,143,
12.242,0.0421052632,144,
12.247,0.0423976608,145,
12.248,0.0426900585,146,
12.252,0.0429824561,147,
12.268,0.0432748538,148,
12.295,0.0435672515,149,
12.301,0.0438596491,150,
12.307,0.0441520468,151,
12.313,0.0444444444,152,
12.32,0.0447368421,153,
12.32,0.0450292398,154,
12.328,0.0453216374,155,
12.329,0.0456140351,156,
12.33,0.0459064327,157,
12.335,0.0461988304,158,
12.341,0.0464912281,159,
12.347,0.0467836257,160,
12.365,0.0470760234,161,
12.391,0.0473684211,162,
12.394,0.0476608187,163,
12.397,0.0479532164,164,
12.398,0.048245614,165,
12.409,0.0485380117,166,
12.415,0.0488304094,167,
12.418,0.049122807,168,
12.423,0.0494152047,169,
12.423,0.0497076023,170,
12.427,0.05,171,
12.484,0.0502923977,172,
12.486,0.0505847953,173,
12.487,0.050877193,174,
12.49,0.0511695906,175,
12.505,0.0514619883,176,
12.506,0.051754386,177,
12.515,0.0520467836,178,
12.541,0.0523391813,179,
12.556,0.0526315789,180,
12.562,0.0529239766,181,
12.567,0.0532163743,182,
12.571,0.0535087719,183,
12.572,0.0538011696,184,
12.573,0.0540935673,185,
12.574,0.0543859649,186,
12.577,0.0546783626,187,
12.581,0.0549707602,188,
12.599,0.0552631579,189,
12.606,0.0555555556,190,
12.607,0.0558479532,191,
12.613,0.0561403509,192,
12.631,0.0564327485,193,
12.637,0.0567251462,194,
12.644,0.0570175439,195,
12.651,0.0573099415,196,
12.652,0.0576023392,197,
12.663,0.0578947368,198,
12.667,0.0581871345,199,
12.675,0.0584795322,200,
12.677,0.0587719298,201,
12.682,0.0590643275,202,
12.694,0.0593567251,203,
12.7,0.0596491228,204,
12.707,0.0599415205,205,
12.717,0.0602339181,206,
12.725,0.0605263158,207,
12.747,0.0608187135,208,
12.749,0.0611111111,209,
12.75,0.0614035088,210,
12.757,0.0616959064,211,
12.759,0.0619883041,212,
12.776,0.0622807018,213,
12.781,0.0625730994,214,
12.782,0.0628654971,215,
12.784,0.0631578947,216,
12.794,0.0634502924,217,
12.797,0.0637426901,218,
12.802,0.0640350877,219,
12.811,0.0643274854,220,
12.829,0.064619883,221,
12.842,0.0649122807,222,
12.847,0.0652046784,223,
12.851,0.065497076,224,
12.86,0.0657894737,225,
12.863,0.0660818713,226,
12.863,0.066374269,227,
12.866,0.0666666667,228,
12.87,0.0669590643,229,
12.895,0.067251462,230,
12.902,0.0675438596,231,
12.914,0.0678362573,232,
12.914,0.068128655,233,
12.915,0.0684210526,234,
12.916,0.0687134503,235,
12.935,0.069005848,236,
12.939,0.0692982456,237,
12.946,0.0695906433,238,
12.947,0.0698830409,239,
12.949,0.0701754386,240,
12.954,0.0704678363,241,
12.958,0.0707602339,242,
12.963,0.0710526316,243,
12.988,0.0713450292,244,
12.996,0.0716374269,245,
12.998,0.0719298246,246,
13.005,0.0722222222,247,
13.01,0.0725146199,248,
13.011,0.0728070175,249,
13.027,0.0730994152,250,
13.031,0.0733918129,251,
13.035,0.0736842105,252,
13.038,0.0739766082,253,
13.043,0.0742690058,254,
13.044,0.0745614035,255,
13.048,0.0748538012,256,
13.076,0.0751461988,257,
13.078,0.0754385965,258,
13.083,0.0757309942,259,
13.089,0.0760233918,260,
13.092,0.0763157895,261,
13.099,0.0766081871,262,
13.101,0.0769005848,263,
13.109,0.0771929825,264,
13.129,0.0774853801,265,
13.136,0.0777777778,266,
13.138,0.0780701754,267,
13.147,0.0783625731,268,
13.152,0.0786549708,269,
13.161,0.0789473684,270,
13.173,0.0792397661,271,
13.176,0.0795321637,272,
13.182,0.0798245614,273,
13.187,0.0801169591,274,
13.188,0.0804093567,275,
13.191,0.0807017544,276,
13.2,0.080994152,277,
13.211,0.0812865497,278,
13.213,0.0815789474,279,
13.215,0.081871345,280,
13.233,0.0821637427,281,
13.233,0.0824561404,282,
13.248,0.082748538,283,
13.252,0.0830409357,284,
13.254,0.0833333333,285,
13.255,0.083625731,286,
13.261,0.0839181287,287,
13.264,0.0842105263,288,
13.267,0.084502924,289,
13.309,0.0847953216,290,
13.309,0.0850877193,291,
13.309,0.085380117,292,
13.313,0.0856725146,293,
13.314,0.0859649123,294,
13.341,0.0862573099,295,
13.343,0.0865497076,296,
13.346,0.0868421053,297,
13.346,0.0871345029,298,
13.347,0.0874269006,299,
13.348,0.0877192982,300,
13.354,0.0880116959,301,
13.365,0.0883040936,302,
13.378,0.0885964912,303,
13.383,0.0888888889,304,
13.383,0.0891812865,305,
13.387,0.0894736842,306,
13.39,0.0897660819,307,
13.39,0.0900584795,308,
13.406,0.0903508772,309,
13.411,0.0906432749,310,
13.414,0.0909356725,311,
13.415,0.0912280702,312,
13.425,0.0915204678,313,
13.428,0.0918128655,314,
13.436,0.0921052632,315,
13.439,0.0923976608,316,
13.443,0.0926900585,317,
13.446,0.0929824561,318,
13.45,0.0932748538,319,
13.459,0.0935672515,320,
13.473,0.0938596491,321,
13.478,0.0941520468,322,
13.482,0.0944444444,323,
13.483,0.0947368421,324,
13.487,0.0950292398,325,
13.493,0.0953216374,326,
13.498,0.0956140351,327,
13.509,0.0959064327,328,
13.514,0.0961988304,329,
13.52,0.0964912281,330,
13.52,0.0967836257,331,
13.521,0.0970760234,332,
13.523,0.0973684211,333,
13.527,0.0976608187,334,
13.538,0.0979532164,335,
13.538,0.098245614,336,
13.54,0.0985380117,337,
13.544,0.0988304094,338,
13.552,0.099122807,339,
13.559,0.0994152047,340,
13.576,0.0997076023,341,
13.584,0.1,342,
13.595,0.1002923977,343,
13.597,0.1005847953,344,
13.609,0.100877193,345,
13.611,0.1011695906,346,
13.612,0.1014619883,347,
13.612,0.101754386,348,
13.613,0.1020467836,349,
13.616,0.1023391813,350,
13.617,0.1026315789,351,
13.617,0.1029239766,352,
13.617,0.1032163743,353,
13.632,0.1035087719,354,
13.639,0.1038011696,355,
13.657,0.1040935673,356,
13.659,0.1043859649,357,
13.662,0.1046783626,358,
13.666,0.1049707602,359,
13.674,0.1052631579,360,
13.677,0.1055555556,361,
13.697,0.1058479532,362,
13.703,0.1061403509,363,
13.708,0.1064327485,364,
13.721,0.1067251462,365,
13.724,0.1070175439,366,
13.726,0.1073099415,367,
13.726,0.1076023392,368,
13.731,0.1078947368,369,
13.739,0.1081871345,370,
13.745,0.1084795322,371,
13.749,0.1087719298,372,
13.756,0.1090643275,373,
13.766,0.1093567251,374,
13.767,0.1096491228,375,
13.768,0.1099415205,376,
13.774,0.1102339181,377,
13.775,0.1105263158,378,
13.79,0.1108187135,379,
13.795,0.1111111111,380,
13.797,0.1114035088,381,
13.798,0.1116959064,382,
13.804,0.1119883041,383,
13.84,0.1122807018,384,
13.853,0.1125730994,385,
13.856,0.1128654971,386,
13.863,0.1131578947,387,
13.863,0.1134502924,388,
13.871,0.1137426901,389,
13.881,0.1140350877,390,
13.889,0.1143274854,391,
13.893,0.114619883,392,
13.896,0.1149122807,393,
13.899,0.1152046784,394,
13.906,0.115497076,395,
13.906,0.1157894737,396,
13.906,0.1160818713,397,
13.916,0.116374269,398,
13.938,0.1166666667,399,
13.941,0.1169590643,400,
13.96,0.117251462,401,
13.961,0.1175438596,402,
13.98,0.1178362573,403,
13.981,0.118128655,404,
13.982,0.1184210526,405,
13.984,0.1187134503,406,
13.987,0.119005848,407,
13.992,0.1192982456,408,
13.994,0.1195906433,409,
13.996,0.1198830409,410,
14.001,0.1201754386,411,
14.005,0.1204678363,412,
14.006,0.1207602339,413,
14.008,0.1210526316,414,
14.013,0.1213450292,415,
14.028,0.1216374269,416,
14.029,0.1219298246,417,
14.03,0.1222222222,418,
14.039,0.1225146199,419,
14.043,0.1228070175,420,
14.047,0.1230994152,421,
14.054,0.1233918129,422,
14.059,0.1236842105,423,
14.061,0.1239766082,424,
14.064,0.1242690058,425,
14.066,0.1245614035,426,
14.067,0.1248538012,427,
14.07,0.1251461988,428,
14.072,0.1254385965,429,
14.078,0.1257309942,430,
14.088,0.1260233918,431,
14.096,0.1263157895,432,
14.098,0.1266081871,433,
14.101,0.1269005848,434,
14.102,0.1271929825,435,
14.104,0.1274853801,436,
14.119,0.1277777778,437,
14.124,0.1280701754,438,
14.125,0.1283625731,439,
14.146,0.1286549708,440,
14.147,0.1289473684,441,
14.152,0.1292397661,442,
14.173,0.1295321637,443,
14.177,0.1298245614,444,
14.179,0.1301169591,445,
14.18,0.1304093567,446,
14.19,0.1307017544,447,
14.197,0.130994152,448,
14.204,0.1312865497,449,
14.214,0.1315789474,450,
14.219,0.131871345,451,
14.22,0.1321637427,452,
14.229,0.1324561404,453,
14.246,0.132748538,454,
14.249,0.1330409357,455,
14.256,0.1333333333,456,
14.272,0.133625731,457,
14.272,0.1339181287,458,
14.286,0.1342105263,459,
14.295,0.134502924,460,
14.297,0.1347953216,461,
14.299,0.1350877193,462,
14.303,0.135380117,463,
14.312,0.1356725146,464,
14.313,0.1359649123,465,
14.322,0.1362573099,466,
14.333,0.1365497076,467,
14.335,0.1368421053,468,
14.342,0.1371345029,469,
14.348,0.1374269006,470,
14.35,0.1377192982,471,
14.354,0.1380116959,472,
14.36,0.1383040936,473,
14.367,0.1385964912,474,
14.368,0.1388888889,475,
14.383,0.1391812865,476,
14.385,0.1394736842,477,
14.395,0.1397660819,478,
14.399,0.1400584795,479,
14.408,0.1403508772,480,
14.424,0.1406432749,481,
14.426,0.1409356725,482,
14.432,0.1412280702,483,
14.433,0.1415204678,484,
14.439,0.1418128655,485,
14.448,0.1421052632,486,
14.448,0.1423976608,487,
14.452,0.1426900585,488,
14.452,0.1429824561,489,
14.453,0.1432748538,490,
14.459,0.1435672515,491,
14.476,0.1438596491,492,
14.478,0.1441520468,493,
14.481,0.1444444444,494,
14.488,0.1447368421,495,
14.497,0.1450292398,496,
14.502,0.1453216374,497,
14.509,0.1456140351,498,
14.512,0.1459064327,499,
14.514,0.1461988304,500,
14.516,0.1464912281,501,
14.516,0.1467836257,502,
14.517,0.1470760234,503,
14.52,0.1473684211,504,
14.54,0.1476608187,505,
14.554,0.1479532164,506,
14.556,0.148245614,507,
14.558,0.1485380117,508,
14.57,0.1488304094,509,
14.574,0.149122807,510,
14.589,0.1494152047,511,
14.593,0.1497076023,512,
14.6,0.15,513,
14.603,0.1502923977,514,
14.605,0.1505847953,515,
14.608,0.150877193,516,
14.608,0.1511695906,517,
14.615,0.1514619883,518,
14.617,0.151754386,519,
14.618,0.1520467836,520,
14.626,0.1523391813,521,
14.64,0.1526315789,522,
14.658,0.1529239766,523,
14.66,0.1532163743,524,
14.666,0.1535087719,525,
14.68,0.1538011696,526,
14.686,0.1540935673,527,
14.687,0.1543859649,528,
14.7,0.1546783626,529,
14.702,0.1549707602,530,
14.714,0.1552631579,531,
14.715,0.1555555556,532,
14.721,0.1558479532,533,
14.723,0.1561403509,534,
14.724,0.1564327485,535,
14.729,0.1567251462,536,
14.736,0.1570175439,537,
14.74,0.1573099415,538,
14.75,0.1576023392,539,
14.75,0.1578947368,540,
14.75,0.1581871345,541,
14.754,0.1584795322,542,
14.757,0.1587719298,543,
14.779,0.1590643275,544,
14.782,0.1593567251,545,
14.795,0.1596491228,546,
14.796,0.1599415205,547,
14.813,0.1602339181,548,
14.823,0.1605263158,549,
14.837,0.1608187135,550,
14.839,0.1611111111,551,
14.849,0.1614035088,552,
14.85,0.1616959064,553,
14.85,0.1619883041,554,
14.858,0.1622807018,555,
14.864,0.1625730994,556,
14.877,0.1628654971,557,
14.887,0.1631578947,558,
14.906,0.1634502924,559,
14.907,0.1637426901,560,
14.922,0.1640350877,561,
14.927,0.1643274854,562,
14.953,0.164619883,563,
14.958,0.1649122807,564,
14.961,0.1652046784,565,
14.969,0.165497076,566,
14.977,0.1657894737,567,
14.978,0.1660818713,568,
15.004,0.166374269,569,
15.008,0.1666666667,570,
15.013,0.1669590643,571,
15.022,0.167251462,572,
15.029,0.1675438596,573,
15.03,0.1678362573,574,
15.037,0.168128655,575,
15.041,0.1684210526,576,
15.054,0.1687134503,577,
15.055,0.169005848,578,
15.055,0.1692982456,579,
15.06,0.1695906433,580,
15.067,0.1698830409,581,
15.068,0.1701754386,582,
15.071,0.1704678363,583,
15.072,0.1707602339,584,
15.082,0.1710526316,585,
15.087,0.1713450292,586,
15.1,0.1716374269,587,
15.102,0.1719298246,588,
15.106,0.1722222222,589,
15.132,0.1725146199,590,
15.136,0.1728070175,591,
15.137,0.1730994152,592,
15.137,0.1733918129,593,
15.146,0.1736842105,594,
15.15,0.1739766082,595,
15.155,0.1742690058,596,
15.159,0.1745614035,597,
15.169,0.1748538012,598,
15.169,0.1751461988,599,
15.17,0.1754385965,600,
15.179,0.1757309942,601,
15.183,0.1760233918,602,
15.193,0.1763157895,603,
15.214,0.1766081871,604,
15.215,0.1769005848,605,
15.223,0.1771929825,606,
15.231,0.1774853801,607,
15.237,0.1777777778,608,
15.24,0.1780701754,609,
15.254,0.1783625731,610,
15.262,0.1786549708,611,
15.271,0.1789473684,612,
15.272,0.1792397661,613,
15.273,0.1795321637,614,
15.276,0.1798245614,615,
15.299,0.1801169591,616,
15.307,0.1804093567,617,
15.309,0.1807017544,618,
15.312,0.180994152,619,
15.321,0.1812865497,620,
15.325,0.1815789474,621,
15.326,0.181871345,622,
15.329,0.1821637427,623,
15.331,0.1824561404,624,
15.334,0.182748538,625,
15.349,0.1830409357,626,
15.35,0.1833333333,627,
15.351,0.183625731,628,
15.353,0.1839181287,629,
15.357,0.1842105263,630,
15.375,0.184502924,631,
15.382,0.1847953216,632,
15.388,0.1850877193,633,
15.397,0.185380117,634,
15.401,0.1856725146,635,
15.41,0.1859649123,636,
15.415,0.1862573099,637,
15.417,0.1865497076,638,
15.419,0.1868421053,639,
15.43,0.1871345029,640,
15.434,0.1874269006,641,
15.442,0.1877192982,642,
15.449,0.1880116959,643,
15.465,0.1883040936,644,
15.465,0.1885964912,645,
15.469,0.1888888889,646,
15.478,0.1891812865,647,
15.48,0.1894736842,648,
15.482,0.1897660819,649,
15.485,0.1900584795,650,
15.49,0.1903508772,651,
15.491,0.1906432749,652,
15.503,0.1909356725,653,
15.506,0.1912280702,654,
15.511,0.1915204678,655,
15.512,0.1918128655,656,
15.512,0.1921052632,657,
15.513,0.1923976608,658,
15.516,0.1926900585,659,
15.516,0.1929824561,660,
15.528,0.1932748538,661,
15.531,0.1935672515,662,
15.535,0.1938596491,663,
15.538,0.1941520468,664,
15.54,0.1944444444,665,
15.542,0.1947368421,666,
15.547,0.1950292398,667,
15.567,0.1953216374,668,
15.586,0.1956140351,669,
15.589,0.1959064327,670,
15.593,0.1961988304,671,
15.593,0.1964912281,672,
15.602,0.1967836257,673,
15.604,0.1970760234,674,
15.607,0.1973684211,675,
15.608,0.1976608187,676,
15.617,0.1979532164,677,
15.623,0.198245614,678,
15.632,0.1985380117,679,
15.639,0.1988304094,680,
15.645,0.199122807,681,
15.66,0.1994152047,682,
15.678,0.1997076023,683,
15.679,0.2,684,
15.68,0.2002923977,685,
15.703,0.2005847953,686,
15.706,0.200877193,687,
15.707,0.2011695906,688,
15.71,0.2014619883,689,
15.718,0.201754386,690,
15.725,0.2020467836,691,
15.729,0.2023391813,692,
15.731,0.2026315789,693,
15.733,0.2029239766,694,
15.738,0.2032163743,695,
15.743,0.2035087719,696,
15.748,0.2038011696,697,
15.752,0.2040935673,698,
15.755,0.2043859649,699,
15.756,0.2046783626,700,
15.759,0.2049707602,701,
15.766,0.2052631579,702,
15.777,0.2055555556,703,
15.795,0.2058479532,704,
15.799,0.2061403509,705,
15.801,0.2064327485,706,
15.807,0.2067251462,707,
15.816,0.2070175439,708,
15.818,0.2073099415,709,
15.818,0.2076023392,710,
15.821,0.2078947368,711,
15.838,0.2081871345,712,
15.84,0.2084795322,713,
15.849,0.2087719298,714,
15.85,0.2090643275,715,
15.853,0.2093567251,716,
15.864,0.2096491228,717,
15.865,0.2099415205,718,
15.892,0.2102339181,719,
15.896,0.2105263158,720,
15.907,0.2108187135,721,
15.919,0.2111111111,722,
15.92,0.2114035088,723,
15.933,0.2116959064,724,
15.934,0.2119883041,725,
15.944,0.2122807018,726,
15.956,0.2125730994,727,
15.957,0.2128654971,728,
15.962,0.2131578947,729,
15.979,0.2134502924,730,
15.991,0.2137426901,731,
15.991,0.2140350877,732,
16.004,0.2143274854,733,
16.006,0.214619883,734,
16.01,0.2149122807,735,
16.015,0.2152046784,736,
16.018,0.215497076,737,
16.019,0.2157894737,738,
16.045,0.2160818713,739,
16.046,0.216374269,740,
16.048,0.2166666667,741,
16.05,0.2169590643,742,
16.055,0.217251462,743,
16.057,0.2175438596,744,
16.067,0.2178362573,745,
16.072,0.218128655,746,
16.076,0.2184210526,747,
16.078,0.2187134503,748,
16.094,0.219005848,749,
16.096,0.2192982456,750,
16.1,0.2195906433,751,
16.103,0.2198830409,752,
16.114,0.2201754386,753,
16.117,0.2204678363,754,
16.117,0.2207602339,755,
16.121,0.2210526316,756,
16.124,0.2213450292,757,
16.126,0.2216374269,758,
16.128,0.2219298246,759,
16.139,0.2222222222,760,
16.146,0.2225146199,761,
16.147,0.2228070175,762,
16.149,0.2230994152,763,
16.149,0.2233918129,764,
16.163,0.2236842105,765,
16.166,0.2239766082,766,
16.173,0.2242690058,767,
16.178,0.2245614035,768,
16.179,0.2248538012,769,
16.183,0.2251461988,770,
16.193,0.2254385965,771,
16.199,0.2257309942,772,
16.201,0.2260233918,773,
16.208,0.2263157895,774,
16.209,0.2266081871,775,
16.215,0.2269005848,776,
16.222,0.2271929825,777,
16.224,0.2274853801,778,
16.224,0.2277777778,779,
16.227,0.2280701754,780,
16.228,0.2283625731,781,
16.231,0.2286549708,782,
16.231,0.2289473684,783,
16.233,0.2292397661,784,
16.236,0.2295321637,785,
16.24,0.2298245614,786,
16.242,0.2301169591,787,
16.246,0.2304093567,788,
16.25,0.2307017544,789,
16.259,0.230994152,790,
16.264,0.2312865497,791,
16.267,0.2315789474,792,
16.269,0.231871345,793,
16.277,0.2321637427,794,
16.277,0.2324561404,795,
16.281,0.232748538,796,
16.291,0.2330409357,797,
16.295,0.2333333333,798,
16.306,0.233625731,799,
16.31,0.2339181287,800,
16.314,0.2342105263,801,
16.322,0.234502924,802,
16.323,0.2347953216,803,
16.333,0.2350877193,804,
16.338,0.235380117,805,
16.338,0.2356725146,806,
16.34,0.2359649123,807,
16.35,0.2362573099,808,
16.358,0.2365497076,809,
16.364,0.2368421053,810,
16.366,0.2371345029,811,
16.369,0.2374269006,812,
16.373,0.2377192982,813,
16.377,0.2380116959,814,
16.39,0.2383040936,815,
16.396,0.2385964912,816,
16.406,0.2388888889,817,
16.406,0.2391812865,818,
16.416,0.2394736842,819,
16.417,0.2397660819,820,
16.424,0.2400584795,821,
16.425,0.2403508772,822,
16.434,0.2406432749,823,
16.445,0.2409356725,824,
16.452,0.2412280702,825,
16.454,0.2415204678,826,
16.462,0.2418128655,827,
16.462,0.2421052632,828,
16.468,0.2423976608,829,
16.468,0.2426900585,830,
16.476,0.2429824561,831,
16.477,0.2432748538,832,
16.491,0.2435672515,833,
16.492,0.2438596491,834,
16.492,0.2441520468,835,
16.504,0.2444444444,836,
16.51,0.2447368421,837,
16.513,0.2450292398,838,
16.515,0.2453216374,839,
16.518,0.2456140351,840,
16.528,0.2459064327,841,
16.541,0.2461988304,842,
16.555,0.2464912281,843,
16.558,0.2467836257,844,
16.565,0.2470760234,845,
16.568,0.2473684211,846,
16.576,0.2476608187,847,
16.58,0.2479532164,848,
16.603,0.248245614,849,
16.625,0.2485380117,850,
16.649,0.2488304094,851,
16.653,0.249122807,852,
16.663,0.2494152047,853,
16.672,0.2497076023,854,
16.695,0.25,855,
16.696,0.2502923977,856,
16.709,0.2505847953,857,
16.723,0.250877193,858,
16.725,0.2511695906,859,
16.726,0.2514619883,860,
16.738,0.251754386,861,
16.757,0.2520467836,862,
16.758,0.2523391813,863,
16.76,0.2526315789,864,
16.792,0.2529239766,865,
16.805,0.2532163743,866,
16.817,0.2535087719,867,
16.824,0.2538011696,868,
16.829,0.2540935673,869,
16.84,0.2543859649,870,
16.842,0.2546783626,871,
16.845,0.2549707602,872,
16.88,0.2552631579,873,
16.9,0.2555555556,874,
16.924,0.2558479532,875,
16.932,0.2561403509,876,
16.933,0.2564327485,877,
16.939,0.2567251462,878,
16.941,0.2570175439,879,
16.966,0.2573099415,880,
16.985,0.2576023392,881,
16.997,0.2578947368,882,
17.03,0.2581871345,883,
17.03,0.2584795322,884,
17.067,0.2587719298,885,
17.074,0.2590643275,886,
17.091,0.2593567251,887,
17.096,0.2596491228,888,
17.102,0.2599415205,889,
17.107,0.2602339181,890,
17.114,0.2605263158,891,
17.131,0.2608187135,892,
17.152,0.2611111111,893,
17.156,0.2614035088,894,
17.156,0.2616959064,895,
17.157,0.2619883041,896,
17.164,0.2622807018,897,
17.18,0.2625730994,898,
17.184,0.2628654971,899,
17.195,0.2631578947,900,
17.203,0.2634502924,901,
17.203,0.2637426901,902,
17.23,0.2640350877,903,
17.235,0.2643274854,904,
17.245,0.264619883,905,
17.248,0.2649122807,906,
17.252,0.2652046784,907,
17.253,0.265497076,908,
17.272,0.2657894737,909,
17.276,0.2660818713,910,
17.276,0.266374269,911,
17.289,0.2666666667,912,
17.294,0.2669590643,913,
17.299,0.267251462,914,
17.304,0.2675438596,915,
17.307,0.2678362573,916,
17.309,0.268128655,917,
17.32,0.2684210526,918,
17.322,0.2687134503,919,
17.324,0.269005848,920,
17.331,0.2692982456,921,
17.337,0.2695906433,922,
17.348,0.2698830409,923,
17.353,0.2701754386,924,
17.355,0.2704678363,925,
17.355,0.2707602339,926,
17.357,0.2710526316,927,
17.381,0.2713450292,928,
17.383,0.2716374269,929,
17.406,0.2719298246,930,
17.43,0.2722222222,931,
17.44,0.2725146199,932,
17.484,0.2728070175,933,
17.499,0.2730994152,934,
17.499,0.2733918129,935,
17.501,0.2736842105,936,
17.505,0.2739766082,937,
17.513,0.2742690058,938,
17.516,0.2745614035,939,
17.539,0.2748538012,940,
17.54,0.2751461988,941,
17.545,0.2754385965,942,
17.555,0.2757309942,943,
17.562,0.2760233918,944,
17.564,0.2763157895,945,
17.582,0.2766081871,946,
17.592,0.2769005848,947,
17.593,0.2771929825,948,
17.613,0.2774853801,949,
17.625,0.2777777778,950,
17.645,0.2780701754,951,
17.66,0.2783625731,952,
17.674,0.2786549708,953,
17.694,0.2789473684,954,
17.698,0.2792397661,955,
17.708,0.2795321637,956,
17.72,0.2798245614,957,
17.724,0.2801169591,958,
17.732,0.2804093567,959,
17.74,0.2807017544,960,
17.75,0.280994152,961,
17.755,0.2812865497,962,
17.778,0.2815789474,963,
17.778,0.281871345,964,
17.782,0.2821637427,965,
17.782,0.2824561404,966,
17.784,0.282748538,967,
17.785,0.2830409357,968,
17.793,0.2833333333,969,
17.798,0.283625731,970,
17.801,0.2839181287,971,
17.806,0.2842105263,972,
17.82,0.284502924,973,
17.838,0.2847953216,974,
17.863,0.2850877193,975,
17.863,0.285380117,976,
17.876,0.2856725146,977,
17.878,0.2859649123,978,
17.879,0.2862573099,979,
17.887,0.2865497076,980,
17.904,0.2868421053,981,
17.914,0.2871345029,982,
17.923,0.2874269006,983,
17.939,0.2877192982,984,
17.944,0.2880116959,985,
17.956,0.2883040936,986,
17.961,0.2885964912,987,
17.962,0.2888888889,988,
17.964,0.2891812865,989,
17.971,0.2894736842,990,
17.991,0.2897660819,991,
18.004,0.2900584795,992,
18.005,0.2903508772,993,
18.012,0.2906432749,994,
18.017,0.2909356725,995,
18.02,0.2912280702,996,
18.027,0.2915204678,997,
18.029,0.2918128655,998,
18.03,0.2921052632,999,
18.042,0.2923976608,1000,
18.046,0.2926900585,1001,
18.05,0.2929824561,1002,
18.053,0.2932748538,1003,
18.054,0.2935672515,1004,
18.054,0.2938596491,1005,
18.055,0.2941520468,1006,
18.055,0.2944444444,1007,
18.058,0.2947368421,1008,
18.06,0.2950292398,1009,
18.065,0.2953216374,1010,
18.074,0.2956140351,1011,
18.078,0.2959064327,1012,
18.084,0.2961988304,1013,
18.108,0.2964912281,1014,
18.114,0.2967836257,1015,
18.117,0.2970760234,1016,
18.117,0.2973684211,1017,
18.121,0.2976608187,1018,
18.132,0.2979532164,1019,
18.141,0.298245614,1020,
18.141,0.2985380117,1021,
18.144,0.2988304094,1022,
18.153,0.299122807,1023,
18.158,0.2994152047,1024,
18.161,0.2997076023,1025,
18.161,0.3,1026,
18.165,0.3002923977,1027,
18.166,0.3005847953,1028,
18.166,0.300877193,1029,
18.168,0.3011695906,1030,
18.168,0.3014619883,1031,
18.18,0.301754386,1032,
18.184,0.3020467836,1033,
18.184,0.3023391813,1034,
18.184,0.3026315789,1035,
18.197,0.3029239766,1036,
18.201,0.3032163743,1037,
18.202,0.3035087719,1038,
18.208,0.3038011696,1039,
18.209,0.3040935673,1040,
18.214,0.3043859649,1041,
18.215,0.3046783626,1042,
18.216,0.3049707602,1043,
18.221,0.3052631579,1044,
18.222,0.3055555556,1045,
18.222,0.3058479532,1046,
18.229,0.3061403509,1047,
18.237,0.3064327485,1048,
18.245,0.3067251462,1049,
18.246,0.3070175439,1050,
18.252,0.3073099415,1051,
18.253,0.3076023392,1052,
18.261,0.3078947368,1053,
18.262,0.3081871345,1054,
18.265,0.3084795322,1055,
18.274,0.3087719298,1056,
18.277,0.3090643275,1057,
18.291,0.3093567251,1058,
18.291,0.3096491228,1059,
18.293,0.3099415205,1060,
18.298,0.3102339181,1061,
18.305,0.3105263158,1062,
18.307,0.3108187135,1063,
18.309,0.3111111111,1064,
18.313,0.3114035088,1065,
18.313,0.3116959064,1066,
18.314,0.3119883041,1067,
18.315,0.3122807018,1068,
18.316,0.3125730994,1069,
18.317,0.3128654971,1070,
18.323,0.3131578947,1071,
18.325,0.3134502924,1072,
18.326,0.3137426901,1073,
18.326,0.3140350877,1074,
18.328,0.3143274854,1075,
18.337,0.314619883,1076,
18.347,0.3149122807,1077,
18.357,0.3152046784,1078,
18.36,0.315497076,1079,
18.366,0.3157894737,1080,
18.37,0.3160818713,1081,
18.371,0.316374269,1082,
18.372,0.3166666667,1083,
18.373,0.3169590643,1084,
18.374,0.317251462,1085,
18.378,0.3175438596,1086,
18.379,0.3178362573,1087,
18.387,0.318128655,1088,
18.393,0.3184210526,1089,
18.41,0.3187134503,1090,
18.412,0.319005848,1091,
18.42,0.3192982456,1092,
18.424,0.3195906433,1093,
18.434,0.3198830409,1094,
18.436,0.3201754386,1095,
18.436,0.3204678363,1096,
18.438,0.3207602339,1097,
18.438,0.3210526316,1098,
18.439,0.3213450292,1099,
18.44,0.3216374269,1100,
18.441,0.3219298246,1101,
18.442,0.3222222222,1102,
18.442,0.3225146199,1103,
18.442,0.3228070175,1104,
18.443,0.3230994152,1105,
18.444,0.3233918129,1106,
18.445,0.3236842105,1107,
18.448,0.3239766082,1108,
18.453,0.3242690058,1109,
18.454,0.3245614035,1110,
18.462,0.3248538012,1111,
18.471,0.3251461988,1112,
18.476,0.3254385965,1113,
18.477,0.3257309942,1114,
18.478,0.3260233918,1115,
18.479,0.3263157895,1116,
18.48,0.3266081871,1117,
18.492,0.3269005848,1118,
18.494,0.3271929825,1119,
18.498,0.3274853801,1120,
18.498,0.3277777778,1121,
18.5,0.3280701754,1122,
18.504,0.3283625731,1123,
18.505,0.3286549708,1124,
18.505,0.3289473684,1125,
18.505,0.3292397661,1126,
18.512,0.3295321637,1127,
18.521,0.3298245614,1128,
18.523,0.3301169591,1129,
18.526,0.3304093567,1130,
18.526,0.3307017544,1131,
18.538,0.330994152,1132,
18.54,0.3312865497,1133,
18.541,0.3315789474,1134,
18.542,0.331871345,1135,
18.543,0.3321637427,1136,
18.553,0.3324561404,1137,
18.555,0.332748538,1138,
18.555,0.3330409357,1139,
18.563,0.3333333333,1140,
18.565,0.333625731,1141,
18.572,0.3339181287,1142,
18.576,0.3342105263,1143,
18.579,0.334502924,1144,
18.583,0.3347953216,1145,
18.585,0.3350877193,1146,
18.587,0.335380117,1147,
18.587,0.3356725146,1148,
18.594,0.3359649123,1149,
18.594,0.3362573099,1150,
18.594,0.3365497076,1151,
18.596,0.3368421053,1152,
18.598,0.3371345029,1153,
18.602,0.3374269006,1154,
18.611,0.3377192982,1155,
18.614,0.3380116959,1156,
18.617,0.3383040936,1157,
18.625,0.3385964912,1158,
18.627,0.3388888889,1159,
18.628,0.3391812865,1160,
18.629,0.3394736842,1161,
18.635,0.3397660819,1162,
18.636,0.3400584795,1163,
18.636,0.3403508772,1164,
18.636,0.3406432749,1165,
18.651,0.3409356725,1166,
18.656,0.3412280702,1167,
18.658,0.3415204678,1168,
18.661,0.3418128655,1169,
18.664,0.3421052632,1170,
18.673,0.3423976608,1171,
18.674,0.3426900585,1172,
18.678,0.3429824561,1173,
18.68,0.3432748538,1174,
18.682,0.3435672515,1175,
18.683,0.3438596491,1176,
18.687,0.3441520468,1177,
18.689,0.3444444444,1178,
18.689,0.3447368421,1179,
18.691,0.3450292398,1180,
18.691,0.3453216374,1181,
18.692,0.3456140351,1182,
18.695,0.3459064327,1183,
18.695,0.3461988304,1184,
18.695,0.3464912281,1185,
18.709,0.3467836257,1186,
18.709,0.3470760234,1187,
18.71,0.3473684211,1188,
18.714,0.3476608187,1189,
18.716,0.3479532164,1190,
18.717,0.348245614,1191,
18.717,0.3485380117,1192,
18.719,0.3488304094,1193,
18.719,0.349122807,1194,
18.72,0.3494152047,1195,
18.722,0.3497076023,1196,
18.724,0.35,1197,
18.738,0.3502923977,1198,
18.739,0.3505847953,1199,
18.744,0.350877193,1200,
18.745,0.3511695906,1201,
18.749,0.3514619883,1202,
18.755,0.351754386,1203,
18.755,0.3520467836,1204,
18.756,0.3523391813,1205,
18.756,0.3526315789,1206,
18.758,0.3529239766,1207,
18.759,0.3532163743,1208,
18.764,0.3535087719,1209,
18.773,0.3538011696,1210,
18.774,0.3540935673,1211,
18.775,0.3543859649,1212,
18.777,0.3546783626,1213,
18.778,0.3549707602,1214,
18.778,0.3552631579,1215,
18.778,0.3555555556,1216,
18.779,0.3558479532,1217,
18.781,0.3561403509,1218,
18.792,0.3564327485,1219,
18.796,0.3567251462,1220,
18.797,0.3570175439,1221,
18.801,0.3573099415,1222,
18.801,0.3576023392,1223,
18.805,0.3578947368,1224,
18.808,0.3581871345,1225,
18.81,0.3584795322,1226,
18.814,0.3587719298,1227,
18.814,0.3590643275,1228,
18.815,0.3593567251,1229,
18.818,0.3596491228,1230,
18.818,0.3599415205,1231,
18.819,0.3602339181,1232,
18.819,0.3605263158,1233,
18.819,0.3608187135,1234,
18.823,0.3611111111,1235,
18.824,0.3614035088,1236,
18.824,0.3616959064,1237,
18.825,0.3619883041,1238,
18.827,0.3622807018,1239,
18.829,0.3625730994,1240,
18.832,0.3628654971,1241,
18.833,0.3631578947,1242,
18.834,0.3634502924,1243,
18.835,0.3637426901,1244,
18.835,0.3640350877,1245,
18.839,0.3643274854,1246,
18.841,0.364619883,1247,
18.842,0.3649122807,1248,
18.842,0.3652046784,1249,
18.844,0.365497076,1250,
18.849,0.3657894737,1251,
18.851,0.3660818713,1252,
18.852,0.366374269,1253,
18.852,0.3666666667,1254,
18.854,0.3669590643,1255,
18.854,0.367251462,1256,
18.855,0.3675438596,1257,
18.858,0.3678362573,1258,
18.868,0.368128655,1259,
18.87,0.3684210526,1260,
18.871,0.3687134503,1261,
18.877,0.369005848,1262,
18.88,0.3692982456,1263,
18.88,0.3695906433,1264,
18.881,0.3698830409,1265,
18.882,0.3701754386,1266,
18.887,0.3704678363,1267,
18.89,0.3707602339,1268,
18.891,0.3710526316,1269,
18.892,0.3713450292,1270,
18.892,0.3716374269,1271,
18.896,0.3719298246,1272,
18.898,0.3722222222,1273,
18.898,0.3725146199,1274,
18.898,0.3728070175,1275,
18.899,0.3730994152,1276,
18.9,0.3733918129,1277,
18.905,0.3736842105,1278,
18.905,0.3739766082,1279,
18.907,0.3742690058,1280,
18.918,0.3745614035,1281,
18.923,0.3748538012,1282,
18.926,0.3751461988,1283,
18.927,0.3754385965,1284,
18.929,0.3757309942,1285,
18.93,0.3760233918,1286,
18.933,0.3763157895,1287,
18.933,0.3766081871,1288,
18.937,0.3769005848,1289,
18.937,0.3771929825,1290,
18.939,0.3774853801,1291,
18.94,0.3777777778,1292,
18.94,0.3780701754,1293,
18.947,0.3783625731,1294,
18.949,0.3786549708,1295,
18.95,0.3789473684,1296,
18.952,0.3792397661,1297,
18.955,0.3795321637,1298,
18.958,0.3798245614,1299,
18.96,0.3801169591,1300,
18.962,0.3804093567,1301,
18.968,0.3807017544,1302,
18.973,0.380994152,1303,
18.975,0.3812865497,1304,
18.976,0.3815789474,1305,
18.981,0.381871345,1306,
18.984,0.3821637427,1307,
18.984,0.3824561404,1308,
18.991,0.382748538,1309,
18.992,0.3830409357,1310,
18.994,0.3833333333,1311,
18.994,0.383625731,1312,
18.996,0.3839181287,1313,
19.001,0.3842105263,1314,
19.011,0.384502924,1315,
19.015,0.3847953216,1316,
19.016,0.3850877193,1317,
19.018,0.385380117,1318,
19.022,0.3856725146,1319,
19.024,0.3859649123,1320,
19.029,0.3862573099,1321,
19.029,0.3865497076,1322,
19.031,0.3868421053,1323,
19.032,0.3871345029,1324,
19.033,0.3874269006,1325,
19.037,0.3877192982,1326,
19.038,0.3880116959,1327,
19.038,0.3883040936,1328,
19.042,0.3885964912,1329,
19.045,0.3888888889,1330,
19.05,0.3891812865,1331,
19.05,0.3894736842,1332,
19.052,0.3897660819,1333,
19.052,0.3900584795,1334,
19.052,0.3903508772,1335,
19.054,0.3906432749,1336,
19.062,0.3909356725,1337,
19.064,0.3912280702,1338,
19.065,0.3915204678,1339,
19.065,0.3918128655,1340,
19.07,0.3921052632,1341,
19.079,0.3923976608,1342,
19.079,0.3926900585,1343,
19.085,0.3929824561,1344,
19.085,0.3932748538,1345,
19.087,0.3935672515,1346,
19.087,0.3938596491,1347,
19.088,0.3941520468,1348,
19.089,0.3944444444,1349,
19.089,0.3947368421,1350,
19.089,0.3950292398,1351,
19.091,0.3953216374,1352,
19.093,0.3956140351,1353,
19.095,0.3959064327,1354,
19.099,0.3961988304,1355,
19.101,0.3964912281,1356,
19.105,0.3967836257,1357,
19.108,0.3970760234,1358,
19.109,0.3973684211,1359,
19.11,0.3976608187,1360,
19.111,0.3979532164,1361,
19.111,0.398245614,1362,
19.113,0.3985380117,1363,
19.117,0.3988304094,1364,
19.118,0.399122807,1365,
19.119,0.3994152047,1366,
19.12,0.3997076023,1367,
19.122,0.4,1368,
19.123,0.4002923977,1369,
19.123,0.4005847953,1370,
19.124,0.400877193,1371,
19.126,0.4011695906,1372,
19.129,0.4014619883,1373,
19.133,0.401754386,1374,
19.135,0.4020467836,1375,
19.137,0.4023391813,1376,
19.138,0.4026315789,1377,
19.138,0.4029239766,1378,
19.139,0.4032163743,1379,
19.139,0.4035087719,1380,
19.14,0.4038011696,1381,
19.144,0.4040935673,1382,
19.146,0.4043859649,1383,
19.15,0.4046783626,1384,
19.151,0.4049707602,1385,
19.152,0.4052631579,1386,
19.154,0.4055555556,1387,
19.155,0.4058479532,1388,
19.156,0.4061403509,1389,
19.156,0.4064327485,1390,
19.157,0.4067251462,1391,
19.159,0.4070175439,1392,
19.159,0.4073099415,1393,
19.161,0.4076023392,1394,
19.161,0.4078947368,1395,
19.165,0.4081871345,1396,
19.176,0.4084795322,1397,
19.182,0.4087719298,1398,
19.186,0.4090643275,1399,
19.19,0.4093567251,1400,
19.19,0.4096491228,1401,
19.191,0.4099415205,1402,
19.192,0.4102339181,1403,
19.194,0.4105263158,1404,
19.195,0.4108187135,1405,
19.195,0.4111111111,1406,
19.198,0.4114035088,1407,
19.203,0.4116959064,1408,
19.205,0.4119883041,1409,
19.206,0.4122807018,1410,
19.209,0.4125730994,1411,
19.211,0.4128654971,1412,
19.218,0.4131578947,1413,
19.219,0.4134502924,1414,
19.224,0.4137426901,1415,
19.229,0.4140350877,1416,
19.233,0.4143274854,1417,
19.234,0.414619883,1418,
19.246,0.4149122807,1419,
19.251,0.4152046784,1420,
19.251,0.415497076,1421,
19.256,0.4157894737,1422,
19.256,0.4160818713,1423,
19.258,0.416374269,1424,
19.258,0.4166666667,1425,
19.26,0.4169590643,1426,
19.261,0.417251462,1427,
19.264,0.4175438596,1428,
19.266,0.4178362573,1429,
19.276,0.418128655,1430,
19.277,0.4184210526,1431,
19.281,0.4187134503,1432,
19.282,0.419005848,1433,
19.283,0.4192982456,1434,
19.283,0.4195906433,1435,
19.288,0.4198830409,1436,
19.294,0.4201754386,1437,
19.295,0.4204678363,1438,
19.296,0.4207602339,1439,
19.296,0.4210526316,1440,
19.303,0.4213450292,1441,
19.312,0.4216374269,1442,
19.312,0.4219298246,1443,
19.313,0.4222222222,1444,
19.314,0.4225146199,1445,
19.316,0.4228070175,1446,
19.32,0.4230994152,1447,
19.326,0.4233918129,1448,
19.334,0.4236842105,1449,
19.341,0.4239766082,1450,
19.345,0.4242690058,1451,
19.345,0.4245614035,1452,
19.347,0.4248538012,1453,
19.347,0.4251461988,1454,
19.347,0.4254385965,1455,
19.349,0.4257309942,1456,
19.352,0.4260233918,1457,
19.352,0.4263157895,1458,
19.353,0.4266081871,1459,
19.357,0.4269005848,1460,
19.358,0.4271929825,1461,
19.365,0.4274853801,1462,
19.366,0.4277777778,1463,
19.367,0.4280701754,1464,
19.371,0.4283625731,1465,
19.372,0.4286549708,1466,
19.375,0.4289473684,1467,
19.375,0.4292397661,1468,
19.379,0.4295321637,1469,
19.381,0.4298245614,1470,
19.386,0.4301169591,1471,
19.39,0.4304093567,1472,
19.396,0.4307017544,1473,
19.398,0.430994152,1474,
19.4,0.4312865497,1475,
19.404,0.4315789474,1476,
19.405,0.431871345,1477,
19.411,0.4321637427,1478,
19.414,0.4324561404,1479,
19.414,0.432748538,1480,
19.415,0.4330409357,1481,
19.419,0.4333333333,1482,
19.42,0.433625731,1483,
19.422,0.4339181287,1484,
19.424,0.4342105263,1485,
19.431,0.434502924,1486,
19.433,0.4347953216,1487,
19.435,0.4350877193,1488,
19.436,0.435380117,1489,
19.439,0.4356725146,1490,
19.44,0.4359649123,1491,
19.446,0.4362573099,1492,
19.446,0.4365497076,1493,
19.447,0.4368421053,1494,
19.448,0.4371345029,1495,
19.453,0.4374269006,1496,
19.46,0.4377192982,1497,
19.464,0.4380116959,1498,
19.477,0.4383040936,1499,
19.478,0.4385964912,1500,
19.494,0.4388888889,1501,
19.506,0.4391812865,1502,
19.511,0.4394736842,1503,
19.512,0.4397660819,1504,
19.513,0.4400584795,1505,
19.516,0.4403508772,1506,
19.52,0.4406432749,1507,
19.524,0.4409356725,1508,
19.533,0.4412280702,1509,
19.534,0.4415204678,1510,
19.538,0.4418128655,1511,
19.538,0.4421052632,1512,
19.541,0.4423976608,1513,
19.542,0.4426900585,1514,
19.552,0.4429824561,1515,
19.554,0.4432748538,1516,
19.556,0.4435672515,1517,
19.558,0.4438596491,1518,
19.56,0.4441520468,1519,
19.563,0.4444444444,1520,
19.564,0.4447368421,1521,
19.564,0.4450292398,1522,
19.566,0.4453216374,1523,
19.575,0.4456140351,1524,
19.577,0.4459064327,1525,
19.581,0.4461988304,1526,
19.582,0.4464912281,1527,
19.582,0.4467836257,1528,
19.591,0.4470760234,1529,
19.592,0.4473684211,1530,
19.593,0.4476608187,1531,
19.597,0.4479532164,1532,
19.598,0.448245614,1533,
19.6,0.4485380117,1534,
19.604,0.4488304094,1535,
19.608,0.449122807,1536,
19.614,0.4494152047,1537,
19.62,0.4497076023,1538,
19.623,0.45,1539,
19.626,0.4502923977,1540,
19.628,0.4505847953,1541,
19.628,0.450877193,1542,
19.628,0.4511695906,1543,
19.633,0.4514619883,1544,
19.634,0.451754386,1545,
19.636,0.4520467836,1546,
19.64,0.4523391813,1547,
19.641,0.4526315789,1548,
19.643,0.4529239766,1549,
19.643,0.4532163743,1550,
19.644,0.4535087719,1551,
19.645,0.4538011696,1552,
19.657,0.4540935673,1553,
19.665,0.4543859649,1554,
19.669,0.4546783626,1555,
19.673,0.4549707602,1556,
19.673,0.4552631579,1557,
19.68,0.4555555556,1558,
19.683,0.4558479532,1559,
19.69,0.4561403509,1560,
19.695,0.4564327485,1561,
19.703,0.4567251462,1562,
19.708,0.4570175439,1563,
19.71,0.4573099415,1564,
19.713,0.4576023392,1565,
19.716,0.4578947368,1566,
19.72,0.4581871345,1567,
19.735,0.4584795322,1568,
19.736,0.4587719298,1569,
19.737,0.4590643275,1570,
19.738,0.4593567251,1571,
19.74,0.4596491228,1572,
19.744,0.4599415205,1573,
19.748,0.4602339181,1574,
19.749,0.4605263158,1575,
19.752,0.4608187135,1576,
19.755,0.4611111111,1577,
19.757,0.4614035088,1578,
19.764,0.4616959064,1579,
19.765,0.4619883041,1580,
19.775,0.4622807018,1581,
19.777,0.4625730994,1582,
19.779,0.4628654971,1583,
19.789,0.4631578947,1584,
19.796,0.4634502924,1585,
19.799,0.4637426901,1586,
19.8,0.4640350877,1587,
19.803,0.4643274854,1588,
19.807,0.464619883,1589,
19.807,0.4649122807,1590,
19.808,0.4652046784,1591,
19.809,0.465497076,1592,
19.813,0.4657894737,1593,
19.814,0.4660818713,1594,
19.819,0.466374269,1595,
19.829,0.4666666667,1596,
19.839,0.4669590643,1597,
19.845,0.467251462,1598,
19.854,0.4675438596,1599,
19.855,0.4678362573,1600,
19.856,0.468128655,1601,
19.857,0.4684210526,1602,
19.861,0.4687134503,1603,
19.865,0.469005848,1604,
19.868,0.4692982456,1605,
19.872,0.4695906433,1606,
19.872,0.4698830409,1607,
19.874,0.4701754386,1608,
19.878,0.4704678363,1609,
19.882,0.4707602339,1610,
19.888,0.4710526316,1611,
19.892,0.4713450292,1612,
19.896,0.4716374269,1613,
19.911,0.4719298246,1614,
19.914,0.4722222222,1615,
19.915,0.4725146199,1616,
19.918,0.4728070175,1617,
19.927,0.4730994152,1618,
19.932,0.4733918129,1619,
19.936,0.4736842105,1620,
19.942,0.4739766082,1621,
19.95,0.4742690058,1622,
19.953,0.4745614035,1623,
19.956,0.4748538012,1624,
19.972,0.4751461988,1625,
19.975,0.4754385965,1626,
19.976,0.4757309942,1627,
19.984,0.4760233918,1628,
19.987,0.4763157895,1629,
19.989,0.4766081871,1630,
19.997,0.4769005848,1631,
20.006,0.4771929825,1632,
20.007,0.4774853801,1633,
20.015,0.4777777778,1634,
20.017,0.4780701754,1635,
20.03,0.4783625731,1636,
20.033,0.4786549708,1637,
20.034,0.4789473684,1638,
20.038,0.4792397661,1639,
20.052,0.4795321637,1640,
20.054,0.4798245614,1641,
20.054,0.4801169591,1642,
20.057,0.4804093567,1643,
20.059,0.4807017544,1644,
20.066,0.480994152,1645,
20.073,0.4812865497,1646,
20.083,0.4815789474,1647,
20.084,0.481871345,1648,
20.084,0.4821637427,1649,
20.09,0.4824561404,1650,
20.097,0.482748538,1651,
20.1,0.4830409357,1652,
20.102,0.4833333333,1653,
20.102,0.483625731,1654,
20.103,0.4839181287,1655,
20.106,0.4842105263,1656,
20.114,0.484502924,1657,
20.116,0.4847953216,1658,
20.116,0.4850877193,1659,
20.117,0.485380117,1660,
20.13,0.4856725146,1661,
20.132,0.4859649123,1662,
20.135,0.4862573099,1663,
20.138,0.4865497076,1664,
20.138,0.4868421053,1665,
20.148,0.4871345029,1666,
20.152,0.4874269006,1667,
20.157,0.4877192982,1668,
20.157,0.4880116959,1669,
20.165,0.4883040936,1670,
20.172,0.4885964912,1671,
20.178,0.4888888889,1672,
20.181,0.4891812865,1673,
20.186,0.4894736842,1674,
20.187,0.4897660819,1675,
20.187,0.4900584795,1676,
20.195,0.4903508772,1677,
20.212,0.4906432749,1678,
20.219,0.4909356725,1679,
20.229,0.4912280702,1680,
20.234,0.4915204678,1681,
20.234,0.4918128655,1682,
20.235,0.4921052632,1683,
20.235,0.4923976608,1684,
20.243,0.4926900585,1685,
20.246,0.4929824561,1686,
20.251,0.4932748538,1687,
20.255,0.4935672515,1688,
20.257,0.4938596491,1689,
20.257,0.4941520468,1690,
20.267,0.4944444444,1691,
20.267,0.4947368421,1692,
20.268,0.4950292398,1693,
20.272,0.4953216374,1694,
20.273,0.4956140351,1695,
20.274,0.4959064327,1696,
20.278,0.4961988304,1697,
20.283,0.4964912281,1698,
20.293,0.4967836257,1699,
20.301,0.4970760234,1700,
20.302,0.4973684211,1701,
20.304,0.4976608187,1702,
20.305,0.4979532164,1703,
20.308,0.498245614,1704,
20.308,0.4985380117,1705,
20.31,0.4988304094,1706,
20.31,0.499122807,1707,
20.315,0.4994152047,1708,
20.315,0.4997076023,1709,
20.32,0.5,1710,
20.326,0.5002923977,1711,
20.329,0.5005847953,1712,
20.331,0.500877193,1713,
20.332,0.5011695906,1714,
20.334,0.5014619883,1715,
20.334,0.501754386,1716,
20.336,0.5020467836,1717,
20.338,0.5023391813,1718,
20.341,0.5026315789,1719,
20.345,0.5029239766,1720,
20.348,0.5032163743,1721,
20.348,0.5035087719,1722,
20.349,0.5038011696,1723,
20.35,0.5040935673,1724,
20.353,0.5043859649,1725,
20.357,0.5046783626,1726,
20.357,0.5049707602,1727,
20.361,0.5052631579,1728,
20.364,0.5055555556,1729,
20.364,0.5058479532,1730,
20.365,0.5061403509,1731,
20.367,0.5064327485,1732,
20.374,0.5067251462,1733,
20.375,0.5070175439,1734,
20.377,0.5073099415,1735,
20.382,0.5076023392,1736,
20.391,0.5078947368,1737,
20.393,0.5081871345,1738,
20.394,0.5084795322,1739,
20.394,0.5087719298,1740,
20.398,0.5090643275,1741,
20.399,0.5093567251,1742,
20.402,0.5096491228,1743,
20.407,0.5099415205,1744,
20.414,0.5102339181,1745,
20.426,0.5105263158,1746,
20.426,0.5108187135,1747,
20.428,0.5111111111,1748,
20.431,0.5114035088,1749,
20.435,0.5116959064,1750,
20.436,0.5119883041,1751,
20.448,0.5122807018,1752,
20.449,0.5125730994,1753,
20.45,0.5128654971,1754,
20.454,0.5131578947,1755,
20.454,0.5134502924,1756,
20.47,0.5137426901,1757,
20.472,0.5140350877,1758,
20.479,0.5143274854,1759,
20.479,0.514619883,1760,
20.487,0.5149122807,1761,
20.494,0.5152046784,1762,
20.498,0.515497076,1763,
20.5,0.5157894737,1764,
20.503,0.5160818713,1765,
20.51,0.516374269,1766,
20.513,0.5166666667,1767,
20.514,0.5169590643,1768,
20.52,0.517251462,1769,
20.52,0.5175438596,1770,
20.536,0.5178362573,1771,
20.55,0.518128655,1772,
20.553,0.5184210526,1773,
20.566,0.5187134503,1774,
20.568,0.519005848,1775,
20.58,0.5192982456,1776,
20.581,0.5195906433,1777,
20.585,0.5198830409,1778,
20.589,0.5201754386,1779,
20.596,0.5204678363,1780,
20.6,0.5207602339,1781,
20.602,0.5210526316,1782,
20.604,0.5213450292,1783,
20.606,0.5216374269,1784,
20.621,0.5219298246,1785,
20.622,0.5222222222,1786,
20.626,0.5225146199,1787,
20.632,0.5228070175,1788,
20.636,0.5230994152,1789,
20.636,0.5233918129,1790,
20.641,0.5236842105,1791,
20.642,0.5239766082,1792,
20.645,0.5242690058,1793,
20.645,0.5245614035,1794,
20.654,0.5248538012,1795,
20.667,0.5251461988,1796,
20.667,0.5254385965,1797,
20.669,0.5257309942,1798,
20.679,0.5260233918,1799,
20.684,0.5263157895,1800,
20.684,0.5266081871,1801,
20.695,0.5269005848,1802,
20.7,0.5271929825,1803,
20.71,0.5274853801,1804,
20.717,0.5277777778,1805,
20.72,0.5280701754,1806,
20.733,0.5283625731,1807,
20.752,0.5286549708,1808,
20.752,0.5289473684,1809,
20.752,0.5292397661,1810,
20.759,0.5295321637,1811,
20.761,0.5298245614,1812,
20.768,0.5301169591,1813,
20.772,0.5304093567,1814,
20.78,0.5307017544,1815,
20.783,0.530994152,1816,
20.784,0.5312865497,1817,
20.79,0.5315789474,1818,
20.794,0.531871345,1819,
20.812,0.5321637427,1820,
20.813,0.5324561404,1821,
20.815,0.532748538,1822,
20.818,0.5330409357,1823,
20.823,0.5333333333,1824,
20.825,0.533625731,1825,
20.828,0.5339181287,1826,
20.83,0.5342105263,1827,
20.84,0.534502924,1828,
20.852,0.5347953216,1829,
20.854,0.5350877193,1830,
20.856,0.535380117,1831,
20.863,0.5356725146,1832,
20.876,0.5359649123,1833,
20.883,0.5362573099,1834,
20.883,0.5365497076,1835,
20.888,0.5368421053,1836,
20.889,0.5371345029,1837,
20.899,0.5374269006,1838,
20.899,0.5377192982,1839,
20.901,0.5380116959,1840,
20.902,0.5383040936,1841,
20.903,0.5385964912,1842,
20.906,0.5388888889,1843,
20.907,0.5391812865,1844,
20.907,0.5394736842,1845,
20.911,0.5397660819,1846,
20.915,0.5400584795,1847,
20.916,0.5403508772,1848,
20.926,0.5406432749,1849,
20.927,0.5409356725,1850,
20.937,0.5412280702,1851,
20.938,0.5415204678,1852,
20.943,0.5418128655,1853,
20.945,0.5421052632,1854,
20.947,0.5423976608,1855,
20.947,0.5426900585,1856,
20.951,0.5429824561,1857,
20.954,0.5432748538,1858,
20.955,0.5435672515,1859,
20.957,0.5438596491,1860,
20.967,0.5441520468,1861,
20.97,0.5444444444,1862,
20.972,0.5447368421,1863,
20.98,0.5450292398,1864,
20.984,0.5453216374,1865,
20.985,0.5456140351,1866,
20.988,0.5459064327,1867,
20.99,0.5461988304,1868,
20.991,0.5464912281,1869,
21,0.5467836257,1870,
21.001,0.5470760234,1871,
21.003,0.5473684211,1872,
21.006,0.5476608187,1873,
21.012,0.5479532164,1874,
21.016,0.548245614,1875,
21.023,0.5485380117,1876,
21.036,0.5488304094,1877,
21.038,0.549122807,1878,
21.039,0.5494152047,1879,
21.049,0.5497076023,1880,
21.053,0.55,1881,
21.058,0.5502923977,1882,
21.065,0.5505847953,1883,
21.073,0.550877193,1884,
21.079,0.5511695906,1885,
21.084,0.5514619883,1886,
21.084,0.551754386,1887,
21.087,0.5520467836,1888,
21.093,0.5523391813,1889,
21.094,0.5526315789,1890,
21.101,0.5529239766,1891,
21.106,0.5532163743,1892,
21.11,0.5535087719,1893,
21.117,0.5538011696,1894,
21.122,0.5540935673,1895,
21.124,0.5543859649,1896,
21.126,0.5546783626,1897,
21.135,0.5549707602,1898,
21.149,0.5552631579,1899,
21.15,0.5555555556,1900,
21.151,0.5558479532,1901,
21.154,0.5561403509,1902,
21.156,0.5564327485,1903,
21.161,0.5567251462,1904,
21.164,0.5570175439,1905,
21.169,0.5573099415,1906,
21.17,0.5576023392,1907,
21.171,0.5578947368,1908,
21.172,0.5581871345,1909,
21.176,0.5584795322,1910,
21.187,0.5587719298,1911,
21.188,0.5590643275,1912,
21.19,0.5593567251,1913,
21.196,0.5596491228,1914,
21.2,0.5599415205,1915,
21.2,0.5602339181,1916,
21.205,0.5605263158,1917,
21.208,0.5608187135,1918,
21.217,0.5611111111,1919,
21.218,0.5614035088,1920,
21.22,0.5616959064,1921,
21.223,0.5619883041,1922,
21.224,0.5622807018,1923,
21.239,0.5625730994,1924,
21.244,0.5628654971,1925,
21.248,0.5631578947,1926,
21.256,0.5634502924,1927,
21.256,0.5637426901,1928,
21.263,0.5640350877,1929,
21.265,0.5643274854,1930,
21.267,0.564619883,1931,
21.268,0.5649122807,1932,
21.268,0.5652046784,1933,
21.275,0.565497076,1934,
21.282,0.5657894737,1935,
21.282,0.5660818713,1936,
21.284,0.566374269,1937,
21.284,0.5666666667,1938,
21.286,0.5669590643,1939,
21.289,0.567251462,1940,
21.297,0.5675438596,1941,
21.299,0.5678362573,1942,
21.306,0.568128655,1943,
21.308,0.5684210526,1944,
21.309,0.5687134503,1945,
21.309,0.569005848,1946,
21.312,0.5692982456,1947,
21.313,0.5695906433,1948,
21.32,0.5698830409,1949,
21.326,0.5701754386,1950,
21.332,0.5704678363,1951,
21.337,0.5707602339,1952,
21.339,0.5710526316,1953,
21.346,0.5713450292,1954,
21.349,0.5716374269,1955,
21.351,0.5719298246,1956,
21.351,0.5722222222,1957,
21.359,0.5725146199,1958,
21.362,0.5728070175,1959,
21.363,0.5730994152,1960,
21.365,0.5733918129,1961,
21.377,0.5736842105,1962,
21.379,0.5739766082,1963,
21.381,0.5742690058,1964,
21.382,0.5745614035,1965,
21.383,0.5748538012,1966,
21.392,0.5751461988,1967,
21.398,0.5754385965,1968,
21.402,0.5757309942,1969,
21.402,0.5760233918,1970,
21.405,0.5763157895,1971,
21.412,0.5766081871,1972,
21.417,0.5769005848,1973,
21.419,0.5771929825,1974,
21.421,0.5774853801,1975,
21.427,0.5777777778,1976,
21.437,0.5780701754,1977,
21.438,0.5783625731,1978,
21.439,0.5786549708,1979,
21.447,0.5789473684,1980,
21.453,0.5792397661,1981,
21.453,0.5795321637,1982,
21.46,0.5798245614,1983,
21.461,0.5801169591,1984,
21.468,0.5804093567,1985,
21.469,0.5807017544,1986,
21.473,0.580994152,1987,
21.481,0.5812865497,1988,
21.483,0.5815789474,1989,
21.486,0.581871345,1990,
21.487,0.5821637427,1991,
21.49,0.5824561404,1992,
21.49,0.582748538,1993,
21.496,0.5830409357,1994,
21.511,0.5833333333,1995,
21.514,0.583625731,1996,
21.516,0.5839181287,1997,
21.518,0.5842105263,1998,
21.524,0.584502924,1999,
21.529,0.5847953216,2000,
21.53,0.5850877193,2001,
21.53,0.585380117,2002,
21.531,0.5856725146,2003,
21.534,0.5859649123,2004,
21.535,0.5862573099,2005,
21.536,0.5865497076,2006,
21.539,0.5868421053,2007,
21.544,0.5871345029,2008,
21.548,0.5874269006,2009,
21.549,0.5877192982,2010,
21.551,0.5880116959,2011,
21.551,0.5883040936,2012,
21.554,0.5885964912,2013,
21.562,0.5888888889,2014,
21.571,0.5891812865,2015,
21.572,0.5894736842,2016,
21.573,0.5897660819,2017,
21.579,0.5900584795,2018,
21.581,0.5903508772,2019,
21.582,0.5906432749,2020,
21.584,0.5909356725,2021,
21.584,0.5912280702,2022,
21.59,0.5915204678,2023,
21.603,0.5918128655,2024,
21.604,0.5921052632,2025,
21.609,0.5923976608,2026,
21.609,0.5926900585,2027,
21.622,0.5929824561,2028,
21.629,0.5932748538,2029,
21.633,0.5935672515,2030,
21.635,0.5938596491,2031,
21.636,0.5941520468,2032,
21.636,0.5944444444,2033,
21.647,0.5947368421,2034,
21.648,0.5950292398,2035,
21.653,0.5953216374,2036,
21.659,0.5956140351,2037,
21.663,0.5959064327,2038,
21.665,0.5961988304,2039,
21.671,0.5964912281,2040,
21.682,0.5967836257,2041,
21.692,0.5970760234,2042,
21.697,0.5973684211,2043,
21.702,0.5976608187,2044,
21.703,0.5979532164,2045,
21.703,0.598245614,2046,
21.711,0.5985380117,2047,
21.713,0.5988304094,2048,
21.718,0.599122807,2049,
21.721,0.5994152047,2050,
21.722,0.5997076023,2051,
21.739,0.6,2052,
21.743,0.6002923977,2053,
21.745,0.6005847953,2054,
21.751,0.600877193,2055,
21.763,0.6011695906,2056,
21.764,0.6014619883,2057,
21.779,0.601754386,2058,
21.793,0.6020467836,2059,
21.796,0.6023391813,2060,
21.798,0.6026315789,2061,
21.8,0.6029239766,2062,
21.805,0.6032163743,2063,
21.829,0.6035087719,2064,
21.829,0.6038011696,2065,
21.844,0.6040935673,2066,
21.847,0.6043859649,2067,
21.853,0.6046783626,2068,
21.856,0.6049707602,2069,
21.862,0.6052631579,2070,
21.889,0.6055555556,2071,
21.913,0.6058479532,2072,
21.921,0.6061403509,2073,
21.927,0.6064327485,2074,
21.928,0.6067251462,2075,
21.938,0.6070175439,2076,
21.948,0.6073099415,2077,
21.953,0.6076023392,2078,
21.973,0.6078947368,2079,
21.984,0.6081871345,2080,
21.985,0.6084795322,2081,
22,0.6087719298,2082,
22.009,0.6090643275,2083,
22.023,0.6093567251,2084,
22.024,0.6096491228,2085,
22.037,0.6099415205,2086,
22.045,0.6102339181,2087,
22.047,0.6105263158,2088,
22.049,0.6108187135,2089,
22.057,0.6111111111,2090,
22.058,0.6114035088,2091,
22.058,0.6116959064,2092,
22.067,0.6119883041,2093,
22.069,0.6122807018,2094,
22.077,0.6125730994,2095,
22.081,0.6128654971,2096,
22.088,0.6131578947,2097,
22.09,0.6134502924,2098,
22.093,0.6137426901,2099,
22.111,0.6140350877,2100,
22.113,0.6143274854,2101,
22.116,0.614619883,2102,
22.12,0.6149122807,2103,
22.124,0.6152046784,2104,
22.135,0.615497076,2105,
22.139,0.6157894737,2106,
22.145,0.6160818713,2107,
22.16,0.616374269,2108,
22.163,0.6166666667,2109,
22.164,0.6169590643,2110,
22.17,0.617251462,2111,
22.189,0.6175438596,2112,
22.195,0.6178362573,2113,
22.212,0.618128655,2114,
22.213,0.6184210526,2115,
22.22,0.6187134503,2116,
22.231,0.619005848,2117,
22.234,0.6192982456,2118,
22.237,0.6195906433,2119,
22.24,0.6198830409,2120,
22.269,0.6201754386,2121,
22.283,0.6204678363,2122,
22.284,0.6207602339,2123,
22.286,0.6210526316,2124,
22.298,0.6213450292,2125,
22.306,0.6216374269,2126,
22.318,0.6219298246,2127,
22.328,0.6222222222,2128,
22.349,0.6225146199,2129,
22.356,0.6228070175,2130,
22.367,0.6230994152,2131,
22.384,0.6233918129,2132,
22.394,0.6236842105,2133,
22.413,0.6239766082,2134,
22.42,0.6242690058,2135,
22.44,0.6245614035,2136,
22.45,0.6248538012,2137,
22.453,0.6251461988,2138,
22.488,0.6254385965,2139,
22.5,0.6257309942,2140,
22.528,0.6260233918,2141,
22.538,0.6263157895,2142,
22.552,0.6266081871,2143,
22.554,0.6269005848,2144,
22.555,0.6271929825,2145,
22.564,0.6274853801,2146,
22.57,0.6277777778,2147,
22.593,0.6280701754,2148,
22.593,0.6283625731,2149,
22.596,0.6286549708,2150,
22.601,0.6289473684,2151,
22.605,0.6292397661,2152,
22.617,0.6295321637,2153,
22.626,0.6298245614,2154,
22.659,0.6301169591,2155,
22.662,0.6304093567,2156,
22.662,0.6307017544,2157,
22.688,0.630994152,2158,
22.696,0.6312865497,2159,
22.705,0.6315789474,2160,
22.725,0.631871345,2161,
22.728,0.6321637427,2162,
22.731,0.6324561404,2163,
22.739,0.632748538,2164,
22.748,0.6330409357,2165,
22.751,0.6333333333,2166,
22.757,0.633625731,2167,
22.76,0.6339181287,2168,
22.762,0.6342105263,2169,
22.796,0.634502924,2170,
22.807,0.6347953216,2171,
22.818,0.6350877193,2172,
22.825,0.635380117,2173,
22.835,0.6356725146,2174,
22.837,0.6359649123,2175,
22.872,0.6362573099,2176,
22.887,0.6365497076,2177,
22.896,0.6368421053,2178,
22.903,0.6371345029,2179,
22.921,0.6374269006,2180,
22.933,0.6377192982,2181,
22.96,0.6380116959,2182,
22.966,0.6383040936,2183,
22.978,0.6385964912,2184,
22.978,0.6388888889,2185,
23.005,0.6391812865,2186,
23.033,0.6394736842,2187,
23.033,0.6397660819,2188,
23.037,0.6400584795,2189,
23.091,0.6403508772,2190,
23.094,0.6406432749,2191,
23.099,0.6409356725,2192,
23.124,0.6412280702,2193,
23.135,0.6415204678,2194,
23.137,0.6418128655,2195,
23.14,0.6421052632,2196,
23.145,0.6423976608,2197,
23.147,0.6426900585,2198,
23.16,0.6429824561,2199,
23.166,0.6432748538,2200,
23.167,0.6435672515,2201,
23.172,0.6438596491,2202,
23.177,0.6441520468,2203,
23.179,0.6444444444,2204,
23.18,0.6447368421,2205,
23.188,0.6450292398,2206,
23.191,0.6453216374,2207,
23.224,0.6456140351,2208,
23.247,0.6459064327,2209,
23.248,0.6461988304,2210,
23.298,0.6464912281,2211,
23.3,0.6467836257,2212,
23.312,0.6470760234,2213,
23.325,0.6473684211,2214,
23.334,0.6476608187,2215,
23.338,0.6479532164,2216,
23.344,0.648245614,2217,
23.361,0.6485380117,2218,
23.367,0.6488304094,2219,
23.4,0.649122807,2220,
23.432,0.6494152047,2221,
23.486,0.6497076023,2222,
23.503,0.65,2223,
23.504,0.6502923977,2224,
23.517,0.6505847953,2225,
23.54,0.650877193,2226,
23.543,0.6511695906,2227,
23.556,0.6514619883,2228,
23.613,0.651754386,2229,
23.619,0.6520467836,2230,
23.645,0.6523391813,2231,
23.656,0.6526315789,2232,
23.66,0.6529239766,2233,
23.683,0.6532163743,2234,
23.713,0.6535087719,2235,
23.715,0.6538011696,2236,
23.736,0.6540935673,2237,
23.772,0.6543859649,2238,
23.806,0.6546783626,2239,
23.815,0.6549707602,2240,
23.822,0.6552631579,2241,
23.829,0.6555555556,2242,
23.831,0.6558479532,2243,
23.845,0.6561403509,2244,
23.848,0.6564327485,2245,
23.869,0.6567251462,2246,
23.87,0.6570175439,2247,
23.892,0.6573099415,2248,
23.9,0.6576023392,2249,
23.907,0.6578947368,2250,
23.914,0.6581871345,2251,
23.925,0.6584795322,2252,
23.953,0.6587719298,2253,
23.978,0.6590643275,2254,
23.979,0.6593567251,2255,
24,0.6596491228,2256,
24.005,0.6599415205,2257,
24.026,0.6602339181,2258,
24.03,0.6605263158,2259,
24.035,0.6608187135,2260,
24.044,0.6611111111,2261,
24.054,0.6614035088,2262,
24.058,0.6616959064,2263,
24.073,0.6619883041,2264,
24.076,0.6622807018,2265,
24.092,0.6625730994,2266,
24.094,0.6628654971,2267,
24.101,0.6631578947,2268,
24.103,0.6634502924,2269,
24.14,0.6637426901,2270,
24.146,0.6640350877,2271,
24.152,0.6643274854,2272,
24.154,0.664619883,2273,
24.166,0.6649122807,2274,
24.185,0.6652046784,2275,
24.196,0.665497076,2276,
24.216,0.6657894737,2277,
24.252,0.6660818713,2278,
24.259,0.666374269,2279,
24.274,0.6666666667,2280,
24.345,0.6669590643,2281,
24.352,0.667251462,2282,
24.359,0.6675438596,2283,
24.36,0.6678362573,2284,
24.362,0.668128655,2285,
24.379,0.6684210526,2286,
24.388,0.6687134503,2287,
24.399,0.669005848,2288,
24.406,0.6692982456,2289,
24.472,0.6695906433,2290,
24.476,0.6698830409,2291,
24.509,0.6701754386,2292,
24.524,0.6704678363,2293,
24.55,0.6707602339,2294,
24.557,0.6710526316,2295,
24.578,0.6713450292,2296,
24.578,0.6716374269,2297,
24.62,0.6719298246,2298,
24.62,0.6722222222,2299,
24.64,0.6725146199,2300,
24.653,0.6728070175,2301,
24.657,0.6730994152,2302,
24.683,0.6733918129,2303,
24.691,0.6736842105,2304,
24.695,0.6739766082,2305,
24.697,0.6742690058,2306,
24.71,0.6745614035,2307,
24.722,0.6748538012,2308,
24.756,0.6751461988,2309,
24.769,0.6754385965,2310,
24.817,0.6757309942,2311,
24.823,0.6760233918,2312,
24.855,0.6763157895,2313,
24.862,0.6766081871,2314,
24.887,0.6769005848,2315,
24.948,0.6771929825,2316,
24.965,0.6774853801,2317,
24.966,0.6777777778,2318,
24.97,0.6780701754,2319,
24.972,0.6783625731,2320,
24.972,0.6786549708,2321,
24.98,0.6789473684,2322,
24.983,0.6792397661,2323,
24.996,0.6795321637,2324,
25,0.6798245614,2325,
25,0.6801169591,2326,
25.005,0.6804093567,2327,
25.028,0.6807017544,2328,
25.029,0.680994152,2329,
25.047,0.6812865497,2330,
25.051,0.6815789474,2331,
25.073,0.681871345,2332,
25.079,0.6821637427,2333,
25.085,0.6824561404,2334,
25.09,0.682748538,2335,
25.094,0.6830409357,2336,
25.145,0.6833333333,2337,
25.177,0.683625731,2338,
25.188,0.6839181287,2339,
25.196,0.6842105263,2340,
25.21,0.684502924,2341,
25.224,0.6847953216,2342,
25.267,0.6850877193,2343,
25.269,0.685380117,2344,
25.274,0.6856725146,2345,
25.274,0.6859649123,2346,
25.286,0.6862573099,2347,
25.294,0.6865497076,2348,
25.298,0.6868421053,2349,
25.3,0.6871345029,2350,
25.323,0.6874269006,2351,
25.331,0.6877192982,2352,
25.331,0.6880116959,2353,
25.338,0.6883040936,2354,
25.415,0.6885964912,2355,
25.428,0.6888888889,2356,
25.44,0.6891812865,2357,
25.449,0.6894736842,2358,
25.451,0.6897660819,2359,
25.477,0.6900584795,2360,
25.478,0.6903508772,2361,
25.487,0.6906432749,2362,
25.509,0.6909356725,2363,
25.509,0.6912280702,2364,
25.537,0.6915204678,2365,
25.548,0.6918128655,2366,
25.567,0.6921052632,2367,
25.593,0.6923976608,2368,
25.602,0.6926900585,2369,
25.655,0.6929824561,2370,
25.668,0.6932748538,2371,
25.686,0.6935672515,2372,
25.693,0.6938596491,2373,
25.704,0.6941520468,2374,
25.728,0.6944444444,2375,
25.763,0.6947368421,2376,
25.77,0.6950292398,2377,
25.818,0.6953216374,2378,
25.828,0.6956140351,2379,
25.834,0.6959064327,2380,
25.853,0.6961988304,2381,
25.877,0.6964912281,2382,
25.882,0.6967836257,2383,
25.884,0.6970760234,2384,
25.891,0.6973684211,2385,
25.892,0.6976608187,2386,
25.899,0.6979532164,2387,
25.9,0.698245614,2388,
25.918,0.6985380117,2389,
25.925,0.6988304094,2390,
25.928,0.699122807,2391,
25.992,0.6994152047,2392,
26.003,0.6997076023,2393,
26.004,0.7,2394,
26.027,0.7002923977,2395,
26.035,0.7005847953,2396,
26.035,0.700877193,2397,
26.059,0.7011695906,2398,
26.126,0.7014619883,2399,
26.128,0.701754386,2400,
26.133,0.7020467836,2401,
26.143,0.7023391813,2402,
26.146,0.7026315789,2403,
26.157,0.7029239766,2404,
26.191,0.7032163743,2405,
26.242,0.7035087719,2406,
26.246,0.7038011696,2407,
26.278,0.7040935673,2408,
26.299,0.7043859649,2409,
26.322,0.7046783626,2410,
26.332,0.7049707602,2411,
26.332,0.7052631579,2412,
26.339,0.7055555556,2413,
26.344,0.7058479532,2414,
26.403,0.7061403509,2415,
26.407,0.7064327485,2416,
26.485,0.7067251462,2417,
26.509,0.7070175439,2418,
26.516,0.7073099415,2419,
26.524,0.7076023392,2420,
26.536,0.7078947368,2421,
26.59,0.7081871345,2422,
26.598,0.7084795322,2423,
26.617,0.7087719298,2424,
26.637,0.7090643275,2425,
26.651,0.7093567251,2426,
26.663,0.7096491228,2427,
26.674,0.7099415205,2428,
26.693,0.7102339181,2429,
26.716,0.7105263158,2430,
26.722,0.7108187135,2431,
26.723,0.7111111111,2432,
26.762,0.7114035088,2433,
26.818,0.7116959064,2434,
26.833,0.7119883041,2435,
26.851,0.7122807018,2436,
26.858,0.7125730994,2437,
26.869,0.7128654971,2438,
26.882,0.7131578947,2439,
26.883,0.7134502924,2440,
26.904,0.7137426901,2441,
26.909,0.7140350877,2442,
26.987,0.7143274854,2443,
27.025,0.714619883,2444,
27.041,0.7149122807,2445,
27.061,0.7152046784,2446,
27.061,0.715497076,2447,
27.128,0.7157894737,2448,
27.138,0.7160818713,2449,
27.217,0.716374269,2450,
27.24,0.7166666667,2451,
27.28,0.7169590643,2452,
27.316,0.717251462,2453,
27.337,0.7175438596,2454,
27.368,0.7178362573,2455,
27.385,0.718128655,2456,
27.407,0.7184210526,2457,
27.437,0.7187134503,2458,
27.462,0.719005848,2459,
27.474,0.7192982456,2460,
27.489,0.7195906433,2461,
27.5,0.7198830409,2462,
27.507,0.7201754386,2463,
27.523,0.7204678363,2464,
27.524,0.7207602339,2465,
27.56,0.7210526316,2466,
27.564,0.7213450292,2467,
27.571,0.7216374269,2468,
27.58,0.7219298246,2469,
27.643,0.7222222222,2470,
27.644,0.7225146199,2471,
27.666,0.7228070175,2472,
27.728,0.7230994152,2473,
27.746,0.7233918129,2474,
27.772,0.7236842105,2475,
27.814,0.7239766082,2476,
27.821,0.7242690058,2477,
27.881,0.7245614035,2478,
27.913,0.7248538012,2479,
27.965,0.7251461988,2480,
27.968,0.7254385965,2481,
28.006,0.7257309942,2482,
28.042,0.7260233918,2483,
28.044,0.7263157895,2484,
28.08,0.7266081871,2485,
28.084,0.7269005848,2486,
28.129,0.7271929825,2487,
28.134,0.7274853801,2488,
28.156,0.7277777778,2489,
28.173,0.7280701754,2490,
28.198,0.7283625731,2491,
28.205,0.7286549708,2492,
28.242,0.7289473684,2493,
28.258,0.7292397661,2494,
28.259,0.7295321637,2495,
28.281,0.7298245614,2496,
28.284,0.7301169591,2497,
28.288,0.7304093567,2498,
28.312,0.7307017544,2499,
28.381,0.730994152,2500,
28.417,0.7312865497,2501,
28.423,0.7315789474,2502,
28.508,0.731871345,2503,
28.537,0.7321637427,2504,
28.569,0.7324561404,2505,
28.602,0.732748538,2506,
28.608,0.7330409357,2507,
28.618,0.7333333333,2508,
28.619,0.733625731,2509,
28.627,0.7339181287,2510,
28.634,0.7342105263,2511,
28.635,0.734502924,2512,
28.641,0.7347953216,2513,
28.651,0.7350877193,2514,
28.659,0.735380117,2515,
28.66,0.7356725146,2516,
28.664,0.7359649123,2517,
28.678,0.7362573099,2518,
28.693,0.7365497076,2519,
28.737,0.7368421053,2520,
28.74,0.7371345029,2521,
28.747,0.7374269006,2522,
28.772,0.7377192982,2523,
28.783,0.7380116959,2524,
28.786,0.7383040936,2525,
28.803,0.7385964912,2526,
28.817,0.7388888889,2527,
28.827,0.7391812865,2528,
28.834,0.7394736842,2529,
28.858,0.7397660819,2530,
28.867,0.7400584795,2531,
28.867,0.7403508772,2532,
28.887,0.7406432749,2533,
28.944,0.7409356725,2534,
28.948,0.7412280702,2535,
28.953,0.7415204678,2536,
28.964,0.7418128655,2537,
28.976,0.7421052632,2538,
28.988,0.7423976608,2539,
29.025,0.7426900585,2540,
29.051,0.7429824561,2541,
29.057,0.7432748538,2542,
29.074,0.7435672515,2543,
29.097,0.7438596491,2544,
29.114,0.7441520468,2545,
29.127,0.7444444444,2546,
29.127,0.7447368421,2547,
29.14,0.7450292398,2548,
29.142,0.7453216374,2549,
29.161,0.7456140351,2550,
29.18,0.7459064327,2551,
29.192,0.7461988304,2552,
29.199,0.7464912281,2553,
29.224,0.7467836257,2554,
29.227,0.7470760234,2555,
29.24,0.7473684211,2556,
29.243,0.7476608187,2557,
29.25,0.7479532164,2558,
29.275,0.748245614,2559,
29.277,0.7485380117,2560,
29.279,0.7488304094,2561,
29.281,0.749122807,2562,
29.314,0.7494152047,2563,
29.316,0.7497076023,2564,
29.336,0.75,2565,
29.367,0.7502923977,2566,
29.384,0.7505847953,2567,
29.411,0.750877193,2568,
29.423,0.7511695906,2569,
29.424,0.7514619883,2570,
29.425,0.751754386,2571,
29.426,0.7520467836,2572,
29.44,0.7523391813,2573,
29.457,0.7526315789,2574,
29.472,0.7529239766,2575,
29.486,0.7532163743,2576,
29.513,0.7535087719,2577,
29.527,0.7538011696,2578,
29.531,0.7540935673,2579,
29.566,0.7543859649,2580,
29.578,0.7546783626,2581,
29.585,0.7549707602,2582,
29.619,0.7552631579,2583,
29.62,0.7555555556,2584,
29.622,0.7558479532,2585,
29.626,0.7561403509,2586,
29.628,0.7564327485,2587,
29.632,0.7567251462,2588,
29.659,0.7570175439,2589,
29.67,0.7573099415,2590,
29.675,0.7576023392,2591,
29.693,0.7578947368,2592,
29.715,0.7581871345,2593,
29.721,0.7584795322,2594,
29.722,0.7587719298,2595,
29.726,0.7590643275,2596,
29.731,0.7593567251,2597,
29.736,0.7596491228,2598,
29.744,0.7599415205,2599,
29.747,0.7602339181,2600,
29.771,0.7605263158,2601,
29.793,0.7608187135,2602,
29.818,0.7611111111,2603,
29.821,0.7614035088,2604,
29.822,0.7616959064,2605,
29.827,0.7619883041,2606,
29.829,0.7622807018,2607,
29.834,0.7625730994,2608,
29.845,0.7628654971,2609,
29.859,0.7631578947,2610,
29.882,0.7634502924,2611,
29.889,0.7637426901,2612,
29.915,0.7640350877,2613,
29.92,0.7643274854,2614,
29.938,0.764619883,2615,
29.944,0.7649122807,2616,
29.946,0.7652046784,2617,
29.95,0.765497076,2618,
29.977,0.7657894737,2619,
29.977,0.7660818713,2620,
30,0.766374269,2621,
30.014,0.7666666667,2622,
30.015,0.7669590643,2623,
30.032,0.767251462,2624,
30.034,0.7675438596,2625,
30.035,0.7678362573,2626,
30.035,0.768128655,2627,
30.054,0.7684210526,2628,
30.084,0.7687134503,2629,
30.103,0.769005848,2630,
30.12,0.7692982456,2631,
30.159,0.7695906433,2632,
30.17,0.7698830409,2633,
30.185,0.7701754386,2634,
30.195,0.7704678363,2635,
30.202,0.7707602339,2636,
30.202,0.7710526316,2637,
30.206,0.7713450292,2638,
30.212,0.7716374269,2639,
30.223,0.7719298246,2640,
30.225,0.7722222222,2641,
30.249,0.7725146199,2642,
30.267,0.7728070175,2643,
30.281,0.7730994152,2644,
30.281,0.7733918129,2645,
30.32,0.7736842105,2646,
30.323,0.7739766082,2647,
30.334,0.7742690058,2648,
30.391,0.7745614035,2649,
30.401,0.7748538012,2650,
30.415,0.7751461988,2651,
30.415,0.7754385965,2652,
30.418,0.7757309942,2653,
30.433,0.7760233918,2654,
30.436,0.7763157895,2655,
30.439,0.7766081871,2656,
30.471,0.7769005848,2657,
30.474,0.7771929825,2658,
30.488,0.7774853801,2659,
30.49,0.7777777778,2660,
30.5,0.7780701754,2661,
30.522,0.7783625731,2662,
30.562,0.7786549708,2663,
30.578,0.7789473684,2664,
30.595,0.7792397661,2665,
30.601,0.7795321637,2666,
30.605,0.7798245614,2667,
30.63,0.7801169591,2668,
30.649,0.7804093567,2669,
30.661,0.7807017544,2670,
30.664,0.780994152,2671,
30.665,0.7812865497,2672,
30.672,0.7815789474,2673,
30.678,0.781871345,2674,
30.692,0.7821637427,2675,
30.697,0.7824561404,2676,
30.702,0.782748538,2677,
30.713,0.7830409357,2678,
30.735,0.7833333333,2679,
30.74,0.783625731,2680,
30.752,0.7839181287,2681,
30.756,0.7842105263,2682,
30.758,0.784502924,2683,
30.759,0.7847953216,2684,
30.76,0.7850877193,2685,
30.775,0.785380117,2686,
30.78,0.7856725146,2687,
30.782,0.7859649123,2688,
30.789,0.7862573099,2689,
30.798,0.7865497076,2690,
30.802,0.7868421053,2691,
30.812,0.7871345029,2692,
30.829,0.7874269006,2693,
30.865,0.7877192982,2694,
30.866,0.7880116959,2695,
30.869,0.7883040936,2696,
30.894,0.7885964912,2697,
30.916,0.7888888889,2698,
30.918,0.7891812865,2699,
30.921,0.7894736842,2700,
30.938,0.7897660819,2701,
30.938,0.7900584795,2702,
30.943,0.7903508772,2703,
30.945,0.7906432749,2704,
30.954,0.7909356725,2705,
31.024,0.7912280702,2706,
31.059,0.7915204678,2707,
31.063,0.7918128655,2708,
31.102,0.7921052632,2709,
31.109,0.7923976608,2710,
31.121,0.7926900585,2711,
31.129,0.7929824561,2712,
31.142,0.7932748538,2713,
31.147,0.7935672515,2714,
31.154,0.7938596491,2715,
31.273,0.7941520468,2716,
31.281,0.7944444444,2717,
31.298,0.7947368421,2718,
31.354,0.7950292398,2719,
31.362,0.7953216374,2720,
31.388,0.7956140351,2721,
31.41,0.7959064327,2722,
31.422,0.7961988304,2723,
31.428,0.7964912281,2724,
31.436,0.7967836257,2725,
31.443,0.7970760234,2726,
31.461,0.7973684211,2727,
31.495,0.7976608187,2728,
31.497,0.7979532164,2729,
31.516,0.798245614,2730,
31.538,0.7985380117,2731,
31.549,0.7988304094,2732,
31.559,0.799122807,2733,
31.582,0.7994152047,2734,
31.582,0.7997076023,2735,
31.592,0.8,2736,
31.599,0.8002923977,2737,
31.599,0.8005847953,2738,
31.607,0.800877193,2739,
31.607,0.8011695906,2740,
31.618,0.8014619883,2741,
31.63,0.801754386,2742,
31.641,0.8020467836,2743,
31.684,0.8023391813,2744,
31.745,0.8026315789,2745,
31.75,0.8029239766,2746,
31.759,0.8032163743,2747,
31.767,0.8035087719,2748,
31.772,0.8038011696,2749,
31.779,0.8040935673,2750,
31.78,0.8043859649,2751,
31.815,0.8046783626,2752,
31.838,0.8049707602,2753,
31.857,0.8052631579,2754,
31.89,0.8055555556,2755,
31.895,0.8058479532,2756,
31.924,0.8061403509,2757,
31.936,0.8064327485,2758,
31.943,0.8067251462,2759,
31.96,0.8070175439,2760,
31.962,0.8073099415,2761,
31.971,0.8076023392,2762,
31.977,0.8078947368,2763,
31.99,0.8081871345,2764,
32.01,0.8084795322,2765,
32.032,0.8087719298,2766,
32.038,0.8090643275,2767,
32.044,0.8093567251,2768,
32.045,0.8096491228,2769,
32.045,0.8099415205,2770,
32.049,0.8102339181,2771,
32.088,0.8105263158,2772,
32.102,0.8108187135,2773,
32.117,0.8111111111,2774,
32.131,0.8114035088,2775,
32.147,0.8116959064,2776,
32.171,0.8119883041,2777,
32.181,0.8122807018,2778,
32.2,0.8125730994,2779,
32.215,0.8128654971,2780,
32.239,0.8131578947,2781,
32.267,0.8134502924,2782,
32.28,0.8137426901,2783,
32.282,0.8140350877,2784,
32.295,0.8143274854,2785,
32.299,0.814619883,2786,
32.302,0.8149122807,2787,
32.302,0.8152046784,2788,
32.31,0.815497076,2789,
32.32,0.8157894737,2790,
32.334,0.8160818713,2791,
32.354,0.816374269,2792,
32.366,0.8166666667,2793,
32.399,0.8169590643,2794,
32.406,0.817251462,2795,
32.413,0.8175438596,2796,
32.413,0.8178362573,2797,
32.425,0.818128655,2798,
32.435,0.8184210526,2799,
32.455,0.8187134503,2800,
32.461,0.819005848,2801,
32.491,0.8192982456,2802,
32.546,0.8195906433,2803,
32.553,0.8198830409,2804,
32.555,0.8201754386,2805,
32.575,0.8204678363,2806,
32.602,0.8207602339,2807,
32.611,0.8210526316,2808,
32.613,0.8213450292,2809,
32.616,0.8216374269,2810,
32.638,0.8219298246,2811,
32.642,0.8222222222,2812,
32.644,0.8225146199,2813,
32.683,0.8228070175,2814,
32.722,0.8230994152,2815,
32.729,0.8233918129,2816,
32.741,0.8236842105,2817,
32.757,0.8239766082,2818,
32.777,0.8242690058,2819,
32.784,0.8245614035,2820,
32.789,0.8248538012,2821,
32.826,0.8251461988,2822,
32.865,0.8254385965,2823,
32.933,0.8257309942,2824,
32.943,0.8260233918,2825,
32.962,0.8263157895,2826,
32.964,0.8266081871,2827,
32.986,0.8269005848,2828,
32.99,0.8271929825,2829,
32.995,0.8274853801,2830,
33.02,0.8277777778,2831,
33.02,0.8280701754,2832,
33.067,0.8283625731,2833,
33.077,0.8286549708,2834,
33.114,0.8289473684,2835,
33.124,0.8292397661,2836,
33.176,0.8295321637,2837,
33.187,0.8298245614,2838,
33.214,0.8301169591,2839,
33.229,0.8304093567,2840,
33.23,0.8307017544,2841,
33.259,0.830994152,2842,
33.261,0.8312865497,2843,
33.342,0.8315789474,2844,
33.355,0.831871345,2845,
33.371,0.8321637427,2846,
33.396,0.8324561404,2847,
33.4,0.832748538,2848,
33.427,0.8330409357,2849,
33.471,0.8333333333,2850,
33.473,0.833625731,2851,
33.485,0.8339181287,2852,
33.519,0.8342105263,2853,
33.521,0.834502924,2854,
33.553,0.8347953216,2855,
33.569,0.8350877193,2856,
33.573,0.835380117,2857,
33.573,0.8356725146,2858,
33.592,0.8359649123,2859,
33.61,0.8362573099,2860,
33.639,0.8365497076,2861,
33.649,0.8368421053,2862,
33.655,0.8371345029,2863,
33.721,0.8374269006,2864,
33.75,0.8377192982,2865,
33.779,0.8380116959,2866,
33.806,0.8383040936,2867,
33.819,0.8385964912,2868,
33.884,0.8388888889,2869,
33.943,0.8391812865,2870,
33.96,0.8394736842,2871,
33.986,0.8397660819,2872,
34,0.8400584795,2873,
34.043,0.8403508772,2874,
34.068,0.8406432749,2875,
34.085,0.8409356725,2876,
34.119,0.8412280702,2877,
34.125,0.8415204678,2878,
34.13,0.8418128655,2879,
34.144,0.8421052632,2880,
34.147,0.8423976608,2881,
34.155,0.8426900585,2882,
34.162,0.8429824561,2883,
34.185,0.8432748538,2884,
34.222,0.8435672515,2885,
34.294,0.8438596491,2886,
34.308,0.8441520468,2887,
34.324,0.8444444444,2888,
34.405,0.8447368421,2889,
34.411,0.8450292398,2890,
34.418,0.8453216374,2891,
34.422,0.8456140351,2892,
34.436,0.8459064327,2893,
34.472,0.8461988304,2894,
34.495,0.8464912281,2895,
34.507,0.8467836257,2896,
34.586,0.8470760234,2897,
34.618,0.8473684211,2898,
34.633,0.8476608187,2899,
34.659,0.8479532164,2900,
34.693,0.848245614,2901,
34.695,0.8485380117,2902,
34.728,0.8488304094,2903,
34.735,0.849122807,2904,
34.769,0.8494152047,2905,
34.781,0.8497076023,2906,
34.792,0.85,2907,
34.797,0.8502923977,2908,
34.81,0.8505847953,2909,
34.825,0.850877193,2910,
34.836,0.8511695906,2911,
34.847,0.8514619883,2912,
34.889,0.851754386,2913,
34.899,0.8520467836,2914,
34.906,0.8523391813,2915,
34.924,0.8526315789,2916,
35.001,0.8529239766,2917,
35.018,0.8532163743,2918,
35.021,0.8535087719,2919,
35.046,0.8538011696,2920,
35.062,0.8540935673,2921,
35.123,0.8543859649,2922,
35.123,0.8546783626,2923,
35.128,0.8549707602,2924,
35.135,0.8552631579,2925,
35.191,0.8555555556,2926,
35.285,0.8558479532,2927,
35.366,0.8561403509,2928,
35.377,0.8564327485,2929,
35.392,0.8567251462,2930,
35.401,0.8570175439,2931,
35.43,0.8573099415,2932,
35.432,0.8576023392,2933,
35.457,0.8578947368,2934,
35.47,0.8581871345,2935,
35.47,0.8584795322,2936,
35.499,0.8587719298,2937,
35.52,0.8590643275,2938,
35.59,0.8593567251,2939,
35.595,0.8596491228,2940,
35.606,0.8599415205,2941,
35.621,0.8602339181,2942,
35.643,0.8605263158,2943,
35.713,0.8608187135,2944,
35.769,0.8611111111,2945,
35.786,0.8614035088,2946,
35.802,0.8616959064,2947,
35.805,0.8619883041,2948,
35.822,0.8622807018,2949,
35.909,0.8625730994,2950,
35.939,0.8628654971,2951,
35.973,0.8631578947,2952,
36.023,0.8634502924,2953,
36.032,0.8637426901,2954,
36.062,0.8640350877,2955,
36.115,0.8643274854,2956,
36.131,0.864619883,2957,
36.163,0.8649122807,2958,
36.242,0.8652046784,2959,
36.247,0.865497076,2960,
36.25,0.8657894737,2961,
36.266,0.8660818713,2962,
36.269,0.866374269,2963,
36.298,0.8666666667,2964,
36.342,0.8669590643,2965,
36.365,0.867251462,2966,
36.401,0.8675438596,2967,
36.433,0.8678362573,2968,
36.474,0.868128655,2969,
36.479,0.8684210526,2970,
36.491,0.8687134503,2971,
36.503,0.869005848,2972,
36.518,0.8692982456,2973,
36.563,0.8695906433,2974,
36.568,0.8698830409,2975,
36.577,0.8701754386,2976,
36.621,0.8704678363,2977,
36.625,0.8707602339,2978,
36.644,0.8710526316,2979,
36.658,0.8713450292,2980,
36.673,0.8716374269,2981,
36.725,0.8719298246,2982,
36.739,0.8722222222,2983,
36.746,0.8725146199,2984,
36.746,0.8728070175,2985,
36.749,0.8730994152,2986,
36.754,0.8733918129,2987,
36.783,0.8736842105,2988,
36.817,0.8739766082,2989,
36.86,0.8742690058,2990,
36.919,0.8745614035,2991,
36.96,0.8748538012,2992,
36.997,0.8751461988,2993,
37.033,0.8754385965,2994,
37.048,0.8757309942,2995,
37.052,0.8760233918,2996,
37.053,0.8763157895,2997,
37.065,0.8766081871,2998,
37.078,0.8769005848,2999,
37.134,0.8771929825,3000,
37.146,0.8774853801,3001,
37.146,0.8777777778,3002,
37.199,0.8780701754,3003,
37.242,0.8783625731,3004,
37.25,0.8786549708,3005,
37.267,0.8789473684,3006,
37.272,0.8792397661,3007,
37.291,0.8795321637,3008,
37.364,0.8798245614,3009,
37.366,0.8801169591,3010,
37.367,0.8804093567,3011,
37.371,0.8807017544,3012,
37.387,0.880994152,3013,
37.393,0.8812865497,3014,
37.411,0.8815789474,3015,
37.455,0.881871345,3016,
37.457,0.8821637427,3017,
37.46,0.8824561404,3018,
37.5,0.882748538,3019,
37.529,0.8830409357,3020,
37.565,0.8833333333,3021,
37.649,0.883625731,3022,
37.659,0.8839181287,3023,
37.664,0.8842105263,3024,
37.672,0.884502924,3025,
37.711,0.8847953216,3026,
37.714,0.8850877193,3027,
37.789,0.885380117,3028,
37.828,0.8856725146,3029,
37.831,0.8859649123,3030,
37.833,0.8862573099,3031,
37.834,0.8865497076,3032,
37.861,0.8868421053,3033,
37.877,0.8871345029,3034,
37.889,0.8874269006,3035,
37.901,0.8877192982,3036,
37.921,0.8880116959,3037,
37.936,0.8883040936,3038,
37.971,0.8885964912,3039,
37.971,0.8888888889,3040,
37.98,0.8891812865,3041,
37.987,0.8894736842,3042,
38.08,0.8897660819,3043,
38.095,0.8900584795,3044,
38.106,0.8903508772,3045,
38.123,0.8906432749,3046,
38.123,0.8909356725,3047,
38.151,0.8912280702,3048,
38.152,0.8915204678,3049,
38.171,0.8918128655,3050,
38.182,0.8921052632,3051,
38.198,0.8923976608,3052,
38.24,0.8926900585,3053,
38.283,0.8929824561,3054,
38.293,0.8932748538,3055,
38.403,0.8935672515,3056,
38.423,0.8938596491,3057,
38.442,0.8941520468,3058,
38.457,0.8944444444,3059,
38.46,0.8947368421,3060,
38.54,0.8950292398,3061,
38.56,0.8953216374,3062,
38.579,0.8956140351,3063,
38.589,0.8959064327,3064,
38.62,0.8961988304,3065,
38.629,0.8964912281,3066,
38.638,0.8967836257,3067,
38.663,0.8970760234,3068,
38.666,0.8973684211,3069,
38.683,0.8976608187,3070,
38.693,0.8979532164,3071,
38.701,0.898245614,3072,
38.782,0.8985380117,3073,
38.783,0.8988304094,3074,
38.832,0.899122807,3075,
38.845,0.8994152047,3076,
38.875,0.8997076023,3077,
38.879,0.9,3078,
38.887,0.9002923977,3079,
38.913,0.9005847953,3080,
38.942,0.900877193,3081,
38.946,0.9011695906,3082,
38.955,0.9014619883,3083,
39.017,0.901754386,3084,
39.021,0.9020467836,3085,
39.06,0.9023391813,3086,
39.143,0.9026315789,3087,
39.155,0.9029239766,3088,
39.19,0.9032163743,3089,
39.227,0.9035087719,3090,
39.265,0.9038011696,3091,
39.286,0.9040935673,3092,
39.33,0.9043859649,3093,
39.335,0.9046783626,3094,
39.398,0.9049707602,3095,
39.421,0.9052631579,3096,
39.422,0.9055555556,3097,
39.433,0.9058479532,3098,
39.439,0.9061403509,3099,
39.556,0.9064327485,3100,
39.644,0.9067251462,3101,
39.664,0.9070175439,3102,
39.691,0.9073099415,3103,
39.723,0.9076023392,3104,
39.746,0.9078947368,3105,
39.806,0.9081871345,3106,
39.809,0.9084795322,3107,
39.871,0.9087719298,3108,
39.885,0.9090643275,3109,
39.925,0.9093567251,3110,
39.997,0.9096491228,3111,
40.011,0.9099415205,3112,
40.151,0.9102339181,3113,
40.151,0.9105263158,3114,
40.162,0.9108187135,3115,
40.168,0.9111111111,3116,
40.172,0.9114035088,3117,
40.193,0.9116959064,3118,
40.209,0.9119883041,3119,
40.212,0.9122807018,3120,
40.215,0.9125730994,3121,
40.27,0.9128654971,3122,
40.301,0.9131578947,3123,
40.337,0.9134502924,3124,
40.344,0.9137426901,3125,
40.419,0.9140350877,3126,
40.424,0.9143274854,3127,
40.532,0.914619883,3128,
40.54,0.9149122807,3129,
40.544,0.9152046784,3130,
40.573,0.915497076,3131,
40.627,0.9157894737,3132,
40.661,0.9160818713,3133,
40.67,0.916374269,3134,
40.782,0.9166666667,3135,
40.82,0.9169590643,3136,
40.836,0.917251462,3137,
40.896,0.9175438596,3138,
41.109,0.9178362573,3139,
41.123,0.918128655,3140,
41.173,0.9184210526,3141,
41.176,0.9187134503,3142,
41.234,0.919005848,3143,
41.236,0.9192982456,3144,
41.346,0.9195906433,3145,
41.35,0.9198830409,3146,
41.426,0.9201754386,3147,
41.495,0.9204678363,3148,
41.586,0.9207602339,3149,
41.643,0.9210526316,3150,
41.649,0.9213450292,3151,
41.689,0.9216374269,3152,
41.721,0.9219298246,3153,
41.775,0.9222222222,3154,
41.82,0.9225146199,3155,
41.851,0.9228070175,3156,
41.885,0.9230994152,3157,
41.929,0.9233918129,3158,
41.963,0.9236842105,3159,
42.095,0.9239766082,3160,
42.106,0.9242690058,3161,
42.165,0.9245614035,3162,
42.218,0.9248538012,3163,
42.257,0.9251461988,3164,
42.391,0.9254385965,3165,
42.41,0.9257309942,3166,
42.418,0.9260233918,3167,
42.438,0.9263157895,3168,
42.522,0.9266081871,3169,
42.553,0.9269005848,3170,
42.572,0.9271929825,3171,
42.674,0.9274853801,3172,
42.679,0.9277777778,3173,
42.687,0.9280701754,3174,
42.696,0.9283625731,3175,
42.793,0.9286549708,3176,
42.802,0.9289473684,3177,
42.886,0.9292397661,3178,
42.888,0.9295321637,3179,
42.901,0.9298245614,3180,
42.912,0.9301169591,3181,
42.949,0.9304093567,3182,
42.978,0.9307017544,3183,
43.052,0.930994152,3184,
43.111,0.9312865497,3185,
43.115,0.9315789474,3186,
43.201,0.931871345,3187,
43.338,0.9321637427,3188,
43.433,0.9324561404,3189,
43.446,0.932748538,3190,
43.518,0.9330409357,3191,
43.587,0.9333333333,3192,
43.7,0.933625731,3193,
43.703,0.9339181287,3194,
43.777,0.9342105263,3195,
43.822,0.934502924,3196,
44.031,0.9347953216,3197,
44.092,0.9350877193,3198,
44.111,0.935380117,3199,
44.27,0.9356725146,3200,
44.288,0.9359649123,3201,
44.378,0.9362573099,3202,
44.405,0.9365497076,3203,
44.415,0.9368421053,3204,
44.43,0.9371345029,3205,
44.457,0.9374269006,3206,
44.465,0.9377192982,3207,
44.624,0.9380116959,3208,
44.856,0.9383040936,3209,
44.954,0.9385964912,3210,
45.111,0.9388888889,3211,
45.132,0.9391812865,3212,
45.147,0.9394736842,3213,
45.153,0.9397660819,3214,
45.195,0.9400584795,3215,
45.391,0.9403508772,3216,
45.442,0.9406432749,3217,
45.458,0.9409356725,3218,
45.608,0.9412280702,3219,
45.627,0.9415204678,3220,
45.678,0.9418128655,3221,
45.768,0.9421052632,3222,
45.79,0.9423976608,3223,
45.802,0.9426900585,3224,
45.802,0.9429824561,3225,
45.86,0.9432748538,3226,
45.877,0.9435672515,3227,
45.929,0.9438596491,3228,
46.162,0.9441520468,3229,
46.264,0.9444444444,3230,
46.309,0.9447368421,3231,
46.383,0.9450292398,3232,
46.426,0.9453216374,3233,
46.475,0.9456140351,3234,
46.543,0.9459064327,3235,
47.055,0.9461988304,3236,
47.11,0.9464912281,3237,
47.132,0.9467836257,3238,
47.176,0.9470760234,3239,
47.324,0.9473684211,3240,
47.43,0.9476608187,3241,
47.557,0.9479532164,3242,
47.656,0.948245614,3243,
47.8,0.9485380117,3244,
47.87,0.9488304094,3245,
47.946,0.949122807,3246,
47.974,0.9494152047,3247,
48.004,0.9497076023,3248,
48.006,0.95,3249,
48.008,0.9502923977,3250,
48.02,0.9505847953,3251,
48.067,0.950877193,3252,
48.123,0.9511695906,3253,
48.139,0.9514619883,3254,
48.162,0.951754386,3255,
48.17,0.9520467836,3256,
48.277,0.9523391813,3257,
48.428,0.9526315789,3258,
48.444,0.9529239766,3259,
48.47,0.9532163743,3260,
48.488,0.9535087719,3261,
48.57,0.9538011696,3262,
48.574,0.9540935673,3263,
48.607,0.9543859649,3264,
48.634,0.9546783626,3265,
48.717,0.9549707602,3266,
48.768,0.9552631579,3267,
48.851,0.9555555556,3268,
48.898,0.9558479532,3269,
49.193,0.9561403509,3270,
49.232,0.9564327485,3271,
49.322,0.9567251462,3272,
49.349,0.9570175439,3273,
49.439,0.9573099415,3274,
49.667,0.9576023392,3275,
49.68,0.9578947368,3276,
49.694,0.9581871345,3277,
49.716,0.9584795322,3278,
49.937,0.9587719298,3279,
50.072,0.9590643275,3280,
50.524,0.9593567251,3281,
50.742,0.9596491228,3282,
50.799,0.9599415205,3283,
50.801,0.9602339181,3284,
50.818,0.9605263158,3285,
50.827,0.9608187135,3286,
50.914,0.9611111111,3287,
50.963,0.9614035088,3288,
51.243,0.9616959064,3289,
51.357,0.9619883041,3290,
51.955,0.9622807018,3291,
52.006,0.9625730994,3292,
52.016,0.9628654971,3293,
52.21,0.9631578947,3294,
52.271,0.9634502924,3295,
52.379,0.9637426901,3296,
52.497,0.9640350877,3297,
52.684,0.9643274854,3298,
53.042,0.964619883,3299,
53.11,0.9649122807,3300,
53.148,0.9652046784,3301,
53.447,0.965497076,3302,
53.494,0.9657894737,3303,
53.897,0.9660818713,3304,
54.055,0.966374269,3305,
54.084,0.9666666667,3306,
54.098,0.9669590643,3307,
54.136,0.967251462,3308,
54.633,0.9675438596,3309,
54.704,0.9678362573,3310,
55.179,0.968128655,3311,
55.213,0.9684210526,3312,
55.407,0.9687134503,3313,
55.583,0.969005848,3314,
55.627,0.9692982456,3315,
55.921,0.9695906433,3316,
56.078,0.9698830409,3317,
56.083,0.9701754386,3318,
56.233,0.9704678363,3319,
56.309,0.9707602339,3320,
56.441,0.9710526316,3321,
56.531,0.9713450292,3322,
56.688,0.9716374269,3323,
56.946,0.9719298246,3324,
58.189,0.9722222222,3325,
58.533,0.9725146199,3326,
58.602,0.9728070175,3327,
58.729,0.9730994152,3328,
58.99,0.9733918129,3329,
59.101,0.9736842105,3330,
59.346,0.9739766082,3331,
59.521,0.9742690058,3332,
59.879,0.9745614035,3333,
60.001,0.9748538012,3334,
60.006,0.9751461988,3335,
60.115,0.9754385965,3336,
60.367,0.9757309942,3337,
60.435,0.9760233918,3338,
60.548,0.9763157895,3339,
60.624,0.9766081871,3340,
60.77,0.9769005848,3341,
60.804,0.9771929825,3342,
60.893,0.9774853801,3343,
61.065,0.9777777778,3344,
61.114,0.9780701754,3345,
61.203,0.9783625731,3346,
61.635,0.9786549708,3347,
62.098,0.9789473684,3348,
62.203,0.9792397661,3349,
62.219,0.9795321637,3350,
62.268,0.9798245614,3351,
62.301,0.9801169591,3352,
62.403,0.9804093567,3353,
62.605,0.9807017544,3354,
63.108,0.980994152,3355,
63.245,0.9812865497,3356,
63.814,0.9815789474,3357,
63.93,0.981871345,3358,
63.946,0.9821637427,3359,
64.424,0.9824561404,3360,
64.968,0.982748538,3361,
65.125,0.9830409357,3362,
65.282,0.9833333333,3363,
66.729,0.983625731,3364,
67.379,0.9839181287,3365,
67.42,0.9842105263,3366,
67.611,0.984502924,3367,
67.712,0.9847953216,3368,
67.798,0.9850877193,3369,
67.912,0.985380117,3370,
67.942,0.9856725146,3371,
67.942,0.9859649123,3372,
68.512,0.9862573099,3373,
69.484,0.9865497076,3374,
69.737,0.9868421053,3375,
69.867,0.9871345029,3376,
69.903,0.9874269006,3377,
69.985,0.9877192982,3378,
70.587,0.9880116959,3379,
70.66,0.9883040936,3380,
71.418,0.9885964912,3381,
71.681,0.9888888889,3382,
71.724,0.9891812865,3383,
72.076,0.9894736842,3384,
72.262,0.9897660819,3385,
73.146,0.9900584795,3386,
73.89,0.9903508772,3387,
74.016,0.9906432749,3388,
74.067,0.9909356725,3389,
74.513,0.9912280702,3390,
74.583,0.9915204678,3391,
74.91,0.9918128655,3392,
75.03,0.9921052632,3393,
75.379,0.9923976608,3394,
76.12,0.9926900585,3395,
76.169,0.9929824561,3396,
76.321,0.9932748538,3397,
76.896,0.9935672515,3398,
77.378,0.9938596491,3399,
77.411,0.9941520468,3400,
77.555,0.9944444444,3401,
77.832,0.9947368421,3402,
78.046,0.9950292398,3403,
78.721,0.9953216374,3404,
78.826,0.9956140351,3405,
78.909,0.9959064327,3406,
78.998,0.9961988304,3407,
80.264,0.9964912281,3408,
80.373,0.9967836257,3409,
80.491,0.9970760234,3410,
80.495,0.9973684211,3411,
80.659,0.9976608187,3412,
82.155,0.9979532164,3413,
82.97,0.998245614,3414,
85.213,0.9985380117,3415,
87.098,0.9988304094,3416,
89.802,0.999122807,3417,
92.775,0.9994152047,3418,
92.879,0.9997076023,3419,
93.561,1,3420,
